date,intake,cbp_custody,transferred_to_hhs,hhs_care,discharged,is_reported,net_pressure,day_of_week,month,is_month_start,is_month_end,hhs_care_lag1,hhs_care_lag7,hhs_care_lag14,hhs_care_roll_mean7,hhs_care_roll_std7,hhs_care_roll_mean14,hhs_care_roll_std14,discharged_lag1,discharged_lag7,discharged_lag14,discharged_roll_mean7,discharged_roll_std7,discharged_roll_mean14,discharged_roll_std14,net_pressure_roll7
2023-01-12,33.0,53.0,34.0,6566.0,436.0,True,-402.0,3,1,0,0,,,,,,,,,,,,,,,
2023-01-13,33.0,52.6,34.0,6621.6,415.0,False,-381.0,4,1,0,0,6566.0,,,,,,,436.0,,,,,,,
2023-01-14,33.0,52.2,35.0,6677.2,394.0,False,-359.0,5,1,0,0,6621.6,,,,,,,415.0,,,,,,,
2023-01-15,33.0,51.8,36.0,6732.8,373.0,False,-337.0,6,1,0,0,6677.2,,,,,,,394.0,,,,,,,
2023-01-16,33.0,51.4,36.0,6788.4,352.0,False,-316.0,0,1,0,0,6732.8,,,,,,,373.0,,,,,,,
2023-01-17,32.0,51.0,36.0,6844.0,332.0,False,-296.0,1,1,0,0,6788.4,,,,,,,352.0,,,,,,,
2023-01-18,32.0,50.6,37.0,6899.6,311.0,False,-274.0,2,1,0,0,6844.0,,,,,,,332.0,,,,,,,
2023-01-19,32.0,50.2,38.0,6955.2,290.0,False,-252.0,3,1,0,0,6899.6,6566.0,,6732.8,120.10972761049176,,,311.0,436.0,,373.2857142857143,44.9804190202592,,,-337.85714285714283
2023-01-20,32.0,49.8,38.0,7010.8,269.0,False,-231.0,4,1,0,0,6955.2,6621.6,,6788.400000000001,120.10972761049108,,,290.0,415.0,,352.42857142857144,44.90307021001697,,,-316.42857142857144
2023-01-21,32.0,49.4,38.0,7066.4,248.0,False,-210.0,5,1,0,0,7010.8,6677.2,,6844.0,120.1097276104904,,,269.0,394.0,,331.57142857142856,44.90307021001694,,,-295.0
2023-01-22,32.0,49.0,39.0,7122.0,227.0,True,-188.0,6,1,0,0,7066.4,6732.8,,6899.599999999999,120.10972761048937,,,248.0,373.0,,310.7142857142857,44.98041902025912,,,-273.7142857142857
2023-01-23,32.0,50.0,39.0,7280.0,181.0,True,-142.0,0,1,0,0,7122.0,6788.4,,6955.2,120.1097276104887,,,227.0,352.0,,289.85714285714283,45.13471897711167,,,-252.42857142857142
2023-01-24,47.0,42.0,47.0,7433.0,175.0,True,-128.0,1,1,0,0,7280.0,6844.0,,7025.428571428572,147.02976698937943,,,181.0,332.0,,265.42857142857144,51.69415551380729,,,-227.57142857142858
2023-01-25,20.0,22.0,41.0,7538.0,180.0,True,-139.0,2,1,0,0,7433.0,6899.6,,7109.571428571428,188.5667495811961,,,175.0,311.0,,243.0,52.05445866269898,,,-203.57142857142858
2023-01-26,21.0,27.75,34.0,7521.5,211.0,False,-177.0,3,1,0,0,7538.0,6955.2,6566.0,7200.771428571429,221.5797351916849,6966.785714285715,297.11872233979886,180.0,290.0,436.0,224.28571428571428,46.817782539380524,298.7857142857143,89.00922905599653,-184.28571428571428
2023-01-27,22.0,33.5,26.0,7505.0,242.0,False,-216.0,4,1,0,0,7521.5,7010.8,6621.6,7281.671428571428,220.35323698012002,7035.035714285715,307.53359192913274,211.0,269.0,415.0,213.0,36.78314831549846,282.7142857142857,82.39532153580694,-173.57142857142858
2023-01-28,22.0,39.25,18.0,7488.5,272.0,False,-254.0,5,1,0,0,7505.0,7066.4,6677.2,7352.271428571429,197.03937605027954,7098.135714285714,306.8067083990836,242.0,248.0,394.0,209.14285714285714,30.873011792548077,270.35714285714283,73.52509476661395,-171.42857142857142
2023-01-29,23.0,45.0,11.0,7472.0,303.0,True,-292.0,6,1,0,0,7488.5,7122.0,6732.8,7412.571428571428,155.09685913738977,7156.085714285714,297.66749611228477,272.0,227.0,373.0,212.57142857142858,36.69176630097918,261.64285714285717,64.40808255879926,-177.71428571428572
2023-01-30,34.0,54.0,29.0,7743.0,196.0,True,-167.0,0,1,0,0,7472.0,7280.0,6788.4,7462.571428571428,87.49306094933036,7208.885714285714,281.9545076703032,303.0,181.0,352.0,223.42857142857142,50.36816833032887,256.64285714285717,57.438404658123396,-192.57142857142858
2023-01-31,26.0,36.0,36.0,7803.0,158.0,True,-122.0,1,1,0,1,7743.0,7433.0,6844.0,7528.714285714285,100.510305086438,7277.071428571428,287.8111331266508,196.0,175.0,332.0,225.57142857142858,48.548453950175855,245.5,52.42980655490365,-196.14285714285714
2023-02-01,25.0,32.0,27.0,7903.0,231.0,True,-204.0,2,2,1,0,7803.0,7538.0,6899.6,7581.571428571428,133.62148921842538,7345.571428571428,290.9158917005982,158.0,180.0,311.0,223.14285714285714,51.81514762894618,233.07142857142858,50.95014801173383,-195.28571428571428
2023-02-02,15.0,13.0,23.0,7879.0,298.0,True,-275.0,3,2,0,0,7903.0,7521.5,6955.2,7633.714285714285,177.72353463146683,7417.242857142856,296.14675601616676,231.0,211.0,290.0,230.42857142857142,48.197016307571865,227.35714285714286,45.75958435606209,-204.57142857142858
2023-02-03,15.0,14.666666666666666,20.0,7781.333333333333,313.0,False,-293.0,4,2,0,0,7879.0,7505.0,7010.8,7684.785714285715,190.97509810243739,7483.228571428571,288.086013941269,298.0,242.0,269.0,242.85714285714286,53.29924505853246,227.92857142857142,46.643433515446645,-218.57142857142858
2023-02-04,16.0,16.333333333333332,18.0,7683.666666666667,327.0,False,-309.0,5,2,0,0,7781.333333333333,7488.5,7066.4,7724.2619047619055,175.55572759685467,7538.2666666666655,263.43663309820255,313.0,272.0,248.0,253.0,59.503501297542535,231.07142857142858,50.91087882189409,-229.57142857142858
2023-02-05,16.0,18.0,15.0,7586.0,342.0,True,-327.0,6,2,0,0,7683.666666666667,7472.0,7122.0,7752.142857142857,144.6500063554162,7582.357142857143,227.60502278737934,327.0,303.0,227.0,260.85714285714283,65.73540033454456,236.71428571428572,56.951299804750306,-237.42857142857142
2023-02-06,11.0,22.0,12.0,7720.0,196.0,True,-184.0,0,2,0,0,7586.0,7743.0,7280.0,7768.428571428572,110.15791935110624,7615.5,185.25634815010105,342.0,196.0,181.0,266.42857142857144,71.31820044200289,244.92857142857142,63.37369544791654,-242.42857142857142
2023-02-07,16.0,20.0,20.0,7855.0,200.0,True,-180.0,1,2,0,0,7720.0,7803.0,7433.0,7765.142857142857,111.37904203793748,7646.928571428572,159.49205850986286,196.0,158.0,175.0,266.42857142857144,71.31820044200289,246.0,62.32791694553279,-244.85714285714286
2023-02-08,93.0,196.0,169.0,7915.0,317.0,True,-148.0,2,2,0,0,7855.0,7903.0,7538.0,7772.571428571428,115.96450834528994,7677.071428571428,155.78543366790754,200.0,231.0,180.0,272.42857142857144,61.808459892523665,247.78571428571428,60.46763733465338,-253.14285714285714
2023-02-09,124.0,234.0,161.0,7908.0,353.0,True,-192.0,3,2,0,0,7915.0,7879.0,7521.5,7774.285714285715,118.27955406599462,7704.0,162.34232323866286,317.0,298.0,211.0,284.7142857142857,60.73909857116827,257.57142857142856,59.73494568729212,-245.14285714285714
2023-02-10,113.0,223.66666666666666,165.0,7750.0,341.0,False,-176.0,4,2,0,0,7908.0,7781.333333333333,7505.0,7778.428571428572,122.97330548713204,7731.607142857143,161.78213702254436,353.0,313.0,242.0,292.57142857142856,66.06778625739163,267.7142857142857,63.175492535815344,-233.28571428571428
2023-02-11,103.0,213.33333333333334,169.0,7592.0,329.0,False,-160.0,5,2,0,0,7750.0,7683.666666666667,7488.5,7773.952380952381,123.41940368656317,7749.107142857143,148.052739609016,341.0,327.0,272.0,296.57142857142856,68.31997546559172,274.7857142857143,65.57107543777164,-216.57142857142858
2023-02-12,92.0,203.0,173.0,7434.0,317.0,True,-144.0,6,2,0,0,7592.0,7586.0,7472.0,7760.857142857143,138.53330354277213,7756.5,136.14369922109208,329.0,342.0,303.0,296.85714285714283,68.47244840427571,278.85714285714283,67.13574898076878,-195.28571428571428
2023-02-13,186.0,259.0,172.0,7483.0,244.0,True,-72.0,0,2,0,0,7434.0,7720.0,7743.0,7739.142857142857,177.06348067987884,7753.785714285715,142.48326380307552,317.0,196.0,196.0,293.2857142857143,66.34433983823665,279.85714285714283,67.62550399966567,-169.14285714285714
2023-02-14,154.0,225.0,220.0,7794.0,223.0,True,-3.0,1,2,0,0,7483.0,7855.0,7803.0,7705.285714285715,202.2075783987889,7735.214285714285,159.87958113523078,244.0,200.0,158.0,300.14285714285717,56.339531921581205,283.2857142857143,64.17575455362778,-153.14285714285714
2023-02-15,91.0,199.0,172.0,7869.0,290.0,True,-118.0,2,2,0,0,7794.0,7915.0,7903.0,7696.571428571428,195.89610949246364,7734.571428571428,159.60391297021954,223.0,317.0,231.0,303.42857142857144,49.81919691195748,287.92857142857144,56.28015675134576,-127.85714285714286
2023-02-16,81.0,213.0,153.0,7793.0,361.0,True,-208.0,3,2,0,0,7869.0,7908.0,7879.0,7690.0,187.95832871498655,7732.142857142857,157.08268356176583,290.0,353.0,298.0,299.57142857142856,49.63821492511984,292.14285714285717,53.8457299826332,-123.57142857142857
2023-02-17,113.0,231.0,161.0,7799.0,323.0,False,-162.0,4,2,0,0,7793.0,7750.0,7781.333333333333,7673.571428571428,169.88511524247772,7726.0,152.51302312333402,361.0,341.0,313.0,300.7142857142857,51.14265762131881,296.64285714285717,56.91776408233088,-125.85714285714286
2023-02-18,145.0,249.0,168.0,7805.0,285.0,False,-117.0,5,2,0,0,7799.0,7592.0,7683.666666666667,7680.571428571428,174.50583289472956,7727.2619047619055,153.07811416203634,323.0,329.0,327.0,298.14285714285717,49.19494747576081,297.35714285714283,57.20087027694218,-123.85714285714286
2023-02-19,177.0,267.0,176.0,7811.0,247.0,False,-71.0,6,2,0,0,7805.0,7434.0,7586.0,7711.0,175.05713353073497,7735.928571428572,153.85280892197974,285.0,317.0,342.0,291.85714285714283,47.37238496363531,294.35714285714283,56.62509248470244,-117.71428571428571
2023-02-20,209.0,285.0,184.0,7817.0,209.0,True,-25.0,0,2,0,0,7811.0,7483.0,7720.0,7764.857142857143,127.04123814916849,7752.0,148.6503383007232,247.0,244.0,196.0,281.85714285714283,48.553848359076405,287.57142857142856,56.16694111953471,-107.28571428571429
2023-02-21,184.0,314.0,217.0,7967.0,213.0,True,4.0,1,2,0,0,7817.0,7794.0,7855.0,7812.571428571428,26.380909403390373,7758.928571428572,149.30323520926268,209.0,223.0,200.0,276.85714285714283,54.53570259144783,288.5,54.622832644910055,-100.57142857142857
2023-02-22,107.0,215.0,230.0,7978.0,232.0,True,-2.0,2,2,0,0,7967.0,7869.0,7915.0,7837.285714285715,62.45455490649879,7766.928571428572,157.6161180188658,213.0,290.0,317.0,275.42857142857144,56.28456609899709,289.42857142857144,53.09166859993459,-99.57142857142857
2023-02-23,101.0,162.0,178.0,7914.0,386.0,True,-208.0,3,2,0,0,7978.0,7793.0,7908.0,7852.857142857143,82.15925302204404,7771.428571428572,162.9769753845336,232.0,361.0,353.0,267.14285714285717,58.02421497796854,283.35714285714283,54.53665971387739,-83.0
2023-02-24,100.0,171.33333333333334,177.0,7812.333333333333,365.0,False,-188.0,4,2,0,0,7914.0,7799.0,7750.0,7870.142857142857,80.1715422732626,7771.857142857143,163.37114759996098,386.0,323.0,341.0,270.7142857142857,65.1017518599775,285.7142857142857,58.35755645676402,-83.0
2023-02-25,100.0,180.66666666666666,177.0,7710.666666666667,344.0,False,-167.0,5,2,0,0,7812.333333333333,7805.0,7592.0,7872.047619047619,78.33698066481678,7776.309523809524,163.57890823255784,365.0,285.0,329.0,276.7142857142857,72.26505445398963,287.42857142857144,60.42250508609458,-86.71428571428571
2023-02-26,99.0,190.0,176.0,7609.0,323.0,True,-147.0,6,2,0,0,7710.666666666667,7811.0,7434.0,7858.571428571428,97.55107195827725,7784.785714285715,156.20201729672561,344.0,247.0,317.0,285.14285714285717,76.69730236765952,288.5,61.34235580237052,-93.85714285714286
2023-02-27,167.0,239.0,166.0,7800.0,248.0,True,-82.0,0,2,0,0,7609.0,7817.0,7483.0,7829.714285714285,136.192868221852,7797.285714285715,130.92875710987173,323.0,209.0,244.0,296.0,75.77158658318659,288.92857142857144,61.57729887112409,-104.71428571428571
2023-02-28,115.0,216.0,169.0,7896.0,200.0,True,-31.0,1,2,0,1,7800.0,7967.0,7794.0,7827.285714285715,136.60831119601792,7819.928571428572,94.82959783289682,248.0,213.0,223.0,301.57142857142856,69.48106970692852,289.2142857142857,61.361700121152495,-112.85714285714286
2023-03-01,84.0,158.0,193.0,7930.0,307.0,True,-114.0,2,3,1,0,7896.0,7978.0,7869.0,7817.142857142857,126.78880911342105,7827.214285714285,96.58631560119001,200.0,232.0,290.0,299.7142857142857,72.35724862494041,287.57142857142856,63.540071288444935,-117.85714285714286
2023-03-02,130.0,227.0,192.0,7870.0,335.0,True,-143.0,3,3,0,0,7930.0,7914.0,7793.0,7810.285714285715,117.6045521560628,7831.571428571428,99.93420301799202,307.0,386.0,361.0,310.42857142857144,65.92636585074091,288.7857142857143,63.75213851185833,-133.85714285714286
2023-03-03,122.0,224.4,186.0,7867.8,320.0,False,-134.0,4,3,0,0,7870.0,7812.333333333333,7799.0,7804.0,112.18849878332745,7837.071428571428,99.76683745573052,335.0,365.0,323.0,303.14285714285717,58.59302737649654,286.92857142857144,61.836588976622416,-124.57142857142857
2023-03-04,113.0,221.8,179.0,7865.6,305.0,False,-126.0,5,3,0,0,7867.8,7710.666666666667,7805.0,7811.92380952381,114.80348703292098,7841.9857142857145,99.44120516410476,320.0,344.0,285.0,296.7142857142857,52.86370615622252,286.7142857142857,61.707035593668294,-116.85714285714286
2023-03-05,105.0,219.2,173.0,7863.4,289.0,False,-116.0,6,3,0,0,7865.6,7609.0,7811.0,7834.057142857143,106.67550261020722,7846.314285714286,99.02547174197319,305.0,323.0,247.0,291.14285714285717,48.96062557957019,288.14285714285717,61.89551635663887,-111.0
2023-03-06,96.0,216.6,166.0,7861.2,274.0,False,-108.0,0,3,0,0,7863.4,7800.0,7817.0,7870.400000000001,39.24843945939176,7850.057142857143,98.57729097250825,289.0,248.0,209.0,286.2857142857143,46.91735388145944,291.14285714285717,60.75531903635101,-106.57142857142857
2023-03-07,88.0,214.0,160.0,7859.0,259.0,True,-99.0,1,3,0,0,7861.2,7896.0,7967.0,7879.142857142857,25.28523001952772,7853.214285714285,98.1439730107544,274.0,200.0,213.0,290.0,44.33959855479078,295.7857142857143,56.316657696155396,-110.28571428571429
2023-03-08,113.0,208.0,159.0,7885.0,291.0,True,-132.0,2,3,0,0,7859.0,7930.0,7978.0,7873.857142857143,25.040158222484738,7845.5,92.60015598736956,259.0,307.0,232.0,298.42857142857144,26.330319297071313,299.07142857142856,52.31482255862734,-120.0
2023-03-09,174.0,285.0,150.0,7786.0,340.0,True,-190.0,3,3,0,0,7885.0,7870.0,7914.0,7867.428571428572,8.611177674970138,7838.857142857143,85.42134026343584,291.0,335.0,386.0,296.14285714285717,26.156124658344684,303.2857142857143,48.7512186379102,-122.57142857142857
2023-03-10,156.0,271.25,164.0,7731.25,317.0,False,-153.0,4,3,0,0,7786.0,7867.8,7812.333333333333,7855.428571428572,31.782894470923484,7829.714285714285,83.59039910750026,340.0,320.0,365.0,296.85714285714283,27.431299467509753,300.0,44.07336540884464,-129.28571428571428
2023-03-11,139.0,257.5,178.0,7676.5,294.0,False,-116.0,5,3,0,0,7731.25,7865.6,7710.666666666667,7835.921428571428,55.77406698113788,7823.922619047619,87.60010674169492,317.0,305.0,344.0,296.42857142857144,27.029965734700028,296.57142857142856,40.336496712443584,-132.0
2023-03-12,122.0,243.75,192.0,7621.75,272.0,False,-80.0,6,3,0,0,7676.5,7863.4,7609.0,7808.907142857142,79.6769018629208,7821.482142857143,91.39191095145704,294.0,289.0,323.0,294.85714285714283,26.767072878374268,293.0,37.95746607413666,-130.57142857142858
2023-03-13,104.0,230.0,206.0,7567.0,249.0,True,-43.0,0,3,0,0,7621.75,7861.2,7800.0,7774.385714285714,101.49439522408123,7822.392857142857,89.14763653007024,272.0,274.0,248.0,292.42857142857144,28.123875638901335,289.35714285714283,37.298395805588406,-125.42857142857143
2023-03-14,147.0,276.0,214.0,7810.0,181.0,True,33.0,1,3,0,0,7567.0,7859.0,7896.0,7732.357142857143,118.96356735210983,7805.75,112.37341596383531,249.0,259.0,200.0,288.85714285714283,32.15290848134158,289.42857142857144,37.21396405758363,-116.14285714285714
2023-03-15,108.0,220.0,213.0,7915.0,286.0,True,-73.0,2,3,0,0,7810.0,7885.0,7930.0,7725.357142857143,111.47569401954827,7799.607142857143,109.37089835321825,181.0,291.0,307.0,277.7142857142857,51.761357161864396,288.07142857142856,40.890970012600995,-97.28571428571429
2023-03-16,180.0,280.0,146.0,7989.0,308.0,True,-162.0,3,3,0,0,7915.0,7786.0,7870.0,7729.642857142857,118.96146584982866,7798.535714285715,108.06090061513851,286.0,340.0,335.0,277.0,51.581650484127216,286.57142857142856,40.526751441703134,-88.85714285714286
2023-03-17,165.0,284.6666666666667,159.0,7954.333333333333,307.0,False,-148.0,4,3,0,0,7989.0,7731.25,7867.8,7758.642857142857,154.4419967403298,7807.035714285715,118.30893624574995,308.0,317.0,320.0,272.42857142857144,46.20554491565241,284.64285714285717,38.64355283645877,-84.85714285714286
2023-03-18,149.0,289.3333333333333,173.0,7919.666666666667,307.0,False,-134.0,5,3,0,0,7954.333333333333,7676.5,7865.6,7790.5119047619055,170.0729856164852,7813.216666666666,123.85801079301775,307.0,294.0,305.0,271.0,44.72881248889419,283.7142857142857,37.87718731217147,-84.14285714285714
2023-03-19,134.0,294.0,186.0,7885.0,306.0,True,-120.0,6,3,0,0,7919.666666666667,7621.75,7863.4,7825.25,167.72199909814697,7817.078571428572,126.4331010274029,307.0,272.0,289.0,272.85714285714283,46.09204042430951,283.85714285714283,37.967308088887314,-86.71428571428571
2023-03-20,202.0,313.0,158.0,7931.0,279.0,True,-121.0,0,3,0,0,7885.0,7567.0,7861.2,7862.857142857143,142.03388447346546,7818.621428571429,127.17147644035923,306.0,249.0,274.0,277.7142857142857,47.748348263628515,285.07142857142856,38.413668011658224,-92.42857142857143
2023-03-21,110.0,272.0,193.0,8050.0,221.0,True,-28.0,1,3,0,0,7931.0,7810.0,7859.0,7914.857142857143,56.606457275548266,7823.607142857143,130.29894715158682,279.0,181.0,259.0,282.0,46.057934531775636,285.42857142857144,38.32595883835296,-103.57142857142857
2023-03-22,166.0,277.0,229.0,8097.0,246.0,True,-17.0,2,3,0,0,8050.0,7915.0,7885.0,7949.142857142857,55.1750940668754,7837.25,143.60921571265231,221.0,286.0,291.0,287.7142857142857,31.673934003184648,282.7142857142857,41.55150385398195,-112.28571428571429
2023-03-23,136.0,276.0,178.0,8102.0,331.0,True,-153.0,3,3,0,0,8097.0,7989.0,7786.0,7975.142857142857,75.53117020115127,7852.392857142857,159.34640619503566,246.0,308.0,340.0,282.0,35.42127421009391,279.5,42.58882121293916,-104.28571428571429
2023-03-24,120.0,266.0,176.0,8017.0,338.0,False,-162.0,4,3,0,0,8102.0,7954.333333333333,7731.25,7991.285714285715,89.72765967108786,7874.964285714285,171.16113551308965,331.0,307.0,317.0,285.2857142857143,39.10973572617729,278.85714285714283,41.66322330094228,-103.0
2023-03-25,103.0,256.0,175.0,7932.0,345.0,False,-170.0,5,3,0,0,8017.0,7919.666666666667,7676.5,8000.2380952380945,88.54476045013782,7895.375,169.7368398974478,338.0,307.0,294.0,289.7142857142857,43.488367355398594,280.35714285714283,43.48051224462459,-105.0
2023-03-26,87.0,246.0,173.0,7847.0,352.0,True,-179.0,6,3,0,0,7932.0,7885.0,7621.75,8002.0,86.77941384144265,7913.625,157.70224685947096,345.0,306.0,272.0,295.14285714285717,48.12978485798785,284.0,46.726701310756134,-110.14285714285714
2023-03-27,84.0,171.0,157.0,7994.0,235.0,True,-78.0,0,3,0,0,7847.0,7931.0,7567.0,7996.571428571428,96.01537575279313,7929.714285714285,135.57108440045172,352.0,279.0,249.0,301.7142857142857,52.77535499869333,289.7142857142857,49.928300239795554,-118.57142857142857
2023-03-28,167.0,209.0,157.0,8079.0,223.0,True,-66.0,1,3,0,0,7994.0,8050.0,7810.0,8005.571428571428,91.70034013541112,7960.214285714285,87.03723607730005,235.0,221.0,181.0,295.42857142857144,58.26621989585721,288.7142857142857,50.93650432182677,-112.42857142857143
2023-03-29,109.0,245.0,159.0,8208.0,267.0,True,-108.0,2,3,0,0,8079.0,8097.0,7915.0,8009.714285714285,94.64973020864436,7979.428571428572,80.79333438816543,223.0,246.0,286.0,295.7142857142857,57.84379622660296,291.7142857142857,44.99474938842839,-117.85714285714286
2023-03-30,156.0,256.0,176.0,8158.0,359.0,True,-183.0,3,3,0,0,8208.0,8102.0,7989.0,8025.571428571428,118.10286073708596,8000.357142857143,98.76939076397812,267.0,331.0,308.0,298.7142857142857,55.325444073272195,290.35714285714283,45.46445296620743,-130.85714285714286
2023-03-31,146.0,248.0,181.0,8099.0,341.0,False,-160.0,4,3,0,1,8158.0,8017.0,7954.333333333333,8033.571428571428,125.78931743574341,8012.428571428572,107.23888411473249,359.0,338.0,307.0,302.7142857142857,58.942667866649074,294.0,48.900212363861705,-135.14285714285714
2023-04-01,135.0,240.0,187.0,8040.0,322.0,False,-135.0,5,4,1,0,8099.0,7932.0,7919.666666666667,8045.285714285715,127.79112421670496,8022.7619047619055,108.17613277461149,341.0,345.0,307.0,303.14285714285717,59.252084552440294,296.42857142857144,50.41628901260188,-134.85714285714286
2023-04-02,125.0,232.0,192.0,7981.0,304.0,True,-112.0,6,4,0,0,8040.0,7847.0,7885.0,8060.714285714285,117.97699533624922,8031.357142857143,104.05664666075073,322.0,352.0,306.0,299.85714285714283,57.14434521871957,297.5,50.81603320576326,-129.85714285714286
2023-04-03,118.0,139.0,168.0,8054.0,284.0,True,-116.0,0,4,0,0,7981.0,7994.0,7931.0,8079.857142857143,83.29351429617752,8038.214285714285,96.56339374205723,304.0,235.0,279.0,293.0,52.538874496255985,297.35714285714283,50.79310544197474,-120.28571428571429
2023-04-04,142.0,235.0,139.0,8068.0,259.0,True,-120.0,1,4,0,0,8054.0,8079.0,8050.0,8088.428571428572,75.72946837889724,8047.0,91.52217049601816,284.0,223.0,221.0,300.0,46.432747064975686,297.7142857142857,50.67153437191733,-125.71428571428571
2023-04-05,148.0,245.0,175.0,8175.0,260.0,True,-85.0,2,4,0,0,8068.0,8208.0,8097.0,8086.857142857143,76.07108204704029,8048.285714285715,91.69382880953746,259.0,267.0,246.0,305.14285714285717,37.64495792457296,300.42857142857144,47.14089239995081,-133.42857142857142
2023-04-06,119.0,219.0,210.0,8178.0,284.0,True,-74.0,3,4,0,0,8175.0,8158.0,8102.0,8082.142857142857,67.89557808729168,8053.857142857143,97.092229858499,260.0,359.0,331.0,304.14285714285717,38.8991369716973,301.42857142857144,46.032955228107724,-130.14285714285714
2023-04-07,114.0,216.0,190.0,8085.333333333333,299.0,False,-109.0,4,4,0,0,8178.0,8099.0,8017.0,8085.0,71.9212532334126,8059.285714285715,101.99202726864546,284.0,341.0,338.0,293.42857142857144,30.745499089878507,298.07142857142856,45.42019931147936,-114.57142857142857
2023-04-08,110.0,213.0,169.0,7992.666666666667,314.0,False,-145.0,5,4,0,0,8085.333333333333,8040.0,7932.0,8083.047619047619,71.6629013407176,8064.166666666666,101.44635650361093,299.0,322.0,345.0,287.42857142857144,23.04963588184675,295.2857142857143,43.955271971242986,-107.28571428571429
2023-04-09,105.0,210.0,149.0,7900.0,329.0,True,-180.0,6,4,0,0,7992.666666666667,7981.0,7847.0,8076.285714285715,78.32515999235929,8068.5,96.54375474980785,314.0,304.0,352.0,286.2857142857143,21.171634212740823,293.07142857142856,41.99535557784808,-108.71428571428571
2023-04-10,143.0,203.0,163.0,7826.0,265.0,True,-102.0,0,4,0,0,7900.0,8054.0,7994.0,8064.714285714285,98.20809889122533,8072.285714285715,87.83656707349718,329.0,284.0,235.0,289.85714285714283,26.17523365975673,291.42857142857144,39.910889753037665,-118.42857142857143
2023-04-11,119.0,209.0,152.0,7922.0,187.0,True,-35.0,1,4,0,0,7826.0,8068.0,8079.0,8032.142857142857,133.7363156229458,8060.285714285715,108.41885043958753,265.0,259.0,223.0,287.14285714285717,27.81743201320939,293.57142857142856,37.372787890727125,-116.42857142857143
2023-04-12,155.0,212.0,181.0,7876.0,283.0,True,-102.0,2,4,0,0,7922.0,8175.0,8208.0,8011.285714285715,138.51172280531156,8049.071428571428,114.29465433589873,187.0,260.0,267.0,276.85714285714283,46.795400669398276,291.0,43.36074083954116,-104.28571428571429
2023-04-13,109.0,214.0,173.0,7795.0,370.0,True,-197.0,3,4,0,0,7876.0,8178.0,8158.0,7968.571428571428,125.06083175882809,8025.357142857143,113.22026518836243,283.0,284.0,359.0,280.14285714285717,46.21842551561937,292.14285714285717,42.88779123903029,-106.71428571428571
2023-04-14,136.0,237.0,179.0,7656.666666666667,337.0,False,-158.0,4,4,0,0,7795.0,8085.333333333333,8099.0,7913.857142857143,99.29116501347914,7999.428571428572,121.7510019314061,370.0,299.0,341.0,292.42857142857144,57.474217822304624,292.92857142857144,44.28485465312444,-124.28571428571429
2023-04-15,164.0,260.0,186.0,7518.333333333333,305.0,False,-119.0,5,4,0,0,7656.666666666667,7992.666666666667,8040.0,7852.619047619047,107.73775234532256,7967.833333333334,148.40138168314002,337.0,314.0,322.0,297.85714285714283,59.94004941447355,292.64285714285717,43.962583991489815,-131.28571428571428
2023-04-16,191.0,283.0,192.0,7380.0,272.0,True,-80.0,6,4,0,0,7518.333333333333,7900.0,7981.0,7784.857142857143,146.99002953625083,7930.571428571428,188.8635119058767,305.0,329.0,304.0,296.57142857142856,59.63180678926631,291.42857142857144,43.31941168311771,-127.57142857142857
2023-04-17,170.0,297.0,196.0,7344.0,248.0,True,-52.0,0,4,0,0,7380.0,7826.0,8054.0,7710.571428571428,200.6901715917957,7887.642857142857,238.34175937357162,272.0,265.0,284.0,288.42857142857144,58.34340049184985,289.14285714285717,43.4490986767756,-113.28571428571429
2023-04-18,152.0,272.0,214.0,7376.0,234.0,True,-20.0,1,4,0,0,7344.0,7922.0,8068.0,7641.714285714285,234.35051529954825,7836.928571428572,273.2080131275688,248.0,187.0,259.0,286.0,59.81638571495275,286.57142857142856,44.82052120267154,-106.14285714285714
2023-04-19,239.0,367.0,224.0,7356.0,229.0,True,-5.0,2,4,0,0,7376.0,7876.0,8175.0,7563.714285714285,215.62969188208803,7787.5,290.25328608900463,234.0,283.0,260.0,292.7142857142857,48.400118063610485,284.7857142857143,46.471130113931416,-104.0
2023-04-20,113.0,280.0,237.0,7490.0,320.0,True,-83.0,3,4,0,0,7356.0,7795.0,8178.0,7489.428571428572,176.05457006341038,7729.0,288.67537145635697,229.0,370.0,284.0,285.0,54.16641025580338,282.57142857142856,48.439834665465085,-90.14285714285714
2023-04-21,141.0,288.6666666666667,220.0,7504.666666666667,302.0,False,-82.0,4,4,0,0,7490.0,7656.666666666667,8085.333333333333,7445.857142857143,114.96986032465084,7679.857142857143,263.85380937714046,320.0,337.0,299.0,277.85714285714283,43.295221335341246,285.14285714285717,49.46616114983159,-73.85714285714286
2023-04-22,168.0,297.3333333333333,204.0,7519.333333333333,284.0,False,-80.0,5,4,0,0,7504.666666666667,7518.333333333333,7992.666666666667,7424.142857142857,76.404347642169,7638.380952380953,239.75014976039122,302.0,305.0,314.0,272.85714285714283,36.87107525522121,285.35714285714283,49.53725426827339,-63.0
2023-04-23,196.0,306.0,187.0,7534.0,266.0,True,-79.0,6,4,0,0,7519.333333333333,7380.0,7900.0,7424.285714285715,76.6104693965851,7604.571428571428,218.36675917830806,284.0,272.0,329.0,269.85714285714283,34.60456892487152,283.2142857142857,48.84698017817972,-57.42857142857143
2023-04-24,236.0,330.0,222.0,7796.0,213.0,True,9.0,0,4,0,0,7534.0,7344.0,7826.0,7446.285714285715,83.56931666486,7578.428571428572,201.53765437114174,266.0,248.0,265.0,269.0,34.61695153148709,278.7142857142857,47.17794232221508,-57.285714285714285
2023-04-25,81.0,230.0,242.0,8017.0,202.0,True,40.0,1,4,0,0,7796.0,7376.0,7922.0,7510.857142857143,144.08007767581688,7576.285714285715,198.84434737017327,213.0,234.0,187.0,264.0,40.228513933941485,275.0,50.2853396589443,-48.57142857142857
2023-04-26,118.0,245.0,160.0,8117.0,256.0,True,-96.0,2,4,0,0,8017.0,7356.0,7876.0,7602.428571428572,225.03750422291506,7583.071428571428,212.68865646987445,202.0,229.0,283.0,259.42857142857144,45.657628580764424,276.07142857142856,48.390183819757304,-40.0
2023-04-27,218.0,283.0,208.0,8159.0,310.0,True,-102.0,3,4,0,0,8117.0,7490.0,7795.0,7711.142857142857,266.2005549388191,7600.285714285715,245.45060105445515,256.0,320.0,370.0,263.2857142857143,43.759624791635865,274.14285714285717,48.63024880566735,-53.0
2023-04-28,189.0,269.6666666666667,200.0,8223.333333333334,304.0,False,-104.0,4,4,0,0,8159.0,7504.666666666667,7656.666666666667,7806.714285714285,292.3784602551349,7626.285714285715,283.92604240892274,310.0,302.0,337.0,261.85714285714283,41.715019563016476,269.85714285714283,41.67983674642698,-55.714285714285715
2023-04-29,161.0,256.3333333333333,191.0,8287.666666666666,299.0,False,-108.0,5,4,0,0,8223.333333333334,7519.333333333333,7518.333333333333,7909.380952380953,294.8068688940085,7666.761904761904,325.88203593186506,304.0,284.0,305.0,262.14285714285717,42.04136285226944,267.5,38.39421030071329,-58.857142857142854
2023-04-30,132.0,243.0,183.0,8352.0,293.0,True,-110.0,6,4,0,1,8287.666666666666,7534.0,7380.0,8019.142857142857,267.11288064279057,7721.714285714285,361.8120316904103,299.0,266.0,272.0,264.2857142857143,43.69101465867728,267.07142857142856,37.974615581615076,-62.857142857142854
2023-05-01,224.0,315.0,152.0,8492.0,237.0,True,-85.0,0,5,1,0,8352.0,7796.0,7344.0,8136.0,186.1616183539088,7791.142857142857,383.7878178539355,293.0,213.0,248.0,268.14285714285717,45.03860777684168,268.57142857142856,38.59396980740021,-67.28571428571429
2023-05-02,167.0,326.0,213.0,8654.0,245.0,True,-32.0,1,5,0,0,8492.0,8017.0,7376.0,8235.42857142857,158.0456701793245,7873.142857142857,403.05927782496,237.0,202.0,234.0,271.57142857142856,40.86097218152111,267.7857142857143,39.152912400619236,-80.71428571428571
2023-05-03,209.0,353.0,232.0,8704.0,267.0,True,-35.0,2,5,0,0,8654.0,8117.0,7356.0,8326.42857142857,191.2217748996306,7964.428571428572,425.8802533952325,245.0,256.0,229.0,277.7142857142857,30.60345452022412,268.57142857142856,38.528140137016685,-91.0
2023-05-04,153.0,253.0,286.0,8790.0,332.0,True,-46.0,3,5,0,0,8704.0,8159.0,7490.0,8410.285714285714,211.68778797256397,8060.714285714285,430.10278749899464,267.0,310.0,320.0,279.2857142857143,29.567517569760454,271.2857142857143,36.82688936388454,-82.28571428571429
2023-05-05,162.0,281.0,264.0,8688.333333333334,346.0,False,-82.0,4,5,0,0,8790.0,8223.333333333334,7504.666666666667,8500.42857142857,220.9934400137206,8153.571428571428,437.6754921009791,332.0,304.0,302.0,282.42857142857144,34.18507053699095,272.14285714285717,38.163327428823244,-74.28571428571429
2023-05-06,171.0,309.0,241.0,8586.666666666666,361.0,False,-120.0,5,5,0,0,8688.333333333334,8287.666666666666,7519.333333333333,8566.857142857143,191.77493146556353,8238.119047619048,416.495874886309,346.0,299.0,284.0,288.42857142857144,41.50444611868768,275.2857142857143,42.38909252195871,-71.14285714285714
2023-05-07,180.0,337.0,219.0,8485.0,375.0,True,-156.0,6,5,0,0,8586.666666666666,8352.0,7534.0,8609.57142857143,147.3879630099034,8314.357142857143,369.88102647807204,361.0,293.0,266.0,297.2857142857143,49.902285471089385,280.7857142857143,48.20338094019903,-72.85714285714286
2023-05-08,133.0,287.0,189.0,8590.0,261.0,True,-72.0,0,5,0,0,8485.0,8492.0,7796.0,8628.57142857143,113.27493827060174,8382.285714285714,295.3638306052235,375.0,237.0,213.0,309.0,57.73791359814341,288.57142857142856,54.07646194291692,-79.42857142857143
2023-05-09,187.0,310.0,247.0,8606.0,250.0,True,-3.0,1,5,0,0,8590.0,8654.0,8017.0,8642.57142857143,98.70095393092855,8439.0,246.28008515078787,261.0,245.0,202.0,312.42857142857144,53.29120359827116,292.0,50.30675134382299,-77.57142857142857
2023-05-10,168.0,285.0,210.0,8681.0,304.0,True,-94.0,2,5,0,0,8606.0,8704.0,8117.0,8635.714285714286,99.43924789116724,8481.07142857143,217.24239794008574,250.0,267.0,256.0,313.14285714285717,52.26033732327859,295.42857142857144,45.063569263045274,-73.42857142857143
2023-05-11,269.0,412.0,204.0,8672.0,392.0,True,-188.0,3,5,0,0,8681.0,8790.0,8159.0,8632.42857142857,97.1607515420122,8521.357142857143,195.76824185169494,304.0,332.0,310.0,318.42857142857144,48.55531945749154,298.85714285714283,43.636359473859315,-81.85714285714286
2023-05-12,213.0,359.6666666666667,215.0,8596.333333333334,357.0,False,-142.0,4,5,0,0,8672.0,8688.333333333334,8223.333333333334,8615.57142857143,72.32941983413116,8558.0,168.892420116028,392.0,346.0,304.0,327.0,56.06543795720625,304.7142857142857,50.24926876073933,-102.14285714285714
2023-05-13,156.0,307.3333333333333,225.0,8520.666666666666,323.0,False,-98.0,5,5,0,0,8596.333333333334,8586.666666666666,8287.666666666666,8602.42857142857,64.87929370238079,8584.642857142857,138.7721778247239,357.0,361.0,299.0,328.57142857142856,56.83560252417251,308.5,52.151775543194056,-110.71428571428571
2023-05-14,100.0,255.0,236.0,8445.0,288.0,True,-52.0,6,5,0,0,8520.666666666666,8485.0,8352.0,8593.0,71.96089473017568,8601.285714285714,111.75888707413088,323.0,375.0,293.0,323.14285714285717,55.007358815067036,310.2142857142857,52.20989969702707,-107.57142857142857
2023-05-15,205.0,294.0,177.0,8571.0,277.0,True,-100.0,0,5,0,0,8445.0,8590.0,8492.0,8587.285714285714,82.74624945542149,8607.92857142857,97.67871445525267,288.0,261.0,237.0,310.7142857142857,51.02193739204836,309.85714285714283,52.353615910470786,-92.71428571428571
2023-05-16,161.0,304.0,211.0,8572.0,272.0,True,-61.0,1,5,0,0,8571.0,8606.0,8654.0,8584.57142857143,82.95373862171485,8613.57142857143,92.6171633658606,277.0,250.0,245.0,313.0,48.73055167619872,312.7142857142857,49.05950636558796,-96.71428571428571
2023-05-17,57.0,162.0,193.0,8569.0,307.0,True,-114.0,2,5,0,0,8572.0,8681.0,8704.0,8579.714285714286,82.48398914701862,8607.714285714286,92.4564907737808,272.0,304.0,267.0,316.14285714285717,44.517519290831245,314.64285714285717,46.66510332284574,-105.0
2023-05-18,80.0,122.0,152.0,8474.0,351.0,True,-199.0,3,5,0,0,8569.0,8672.0,8790.0,8563.714285714286,69.38497771327818,8598.07142857143,88.60140055725785,307.0,392.0,332.0,316.57142857142856,44.39540945810039,317.5,44.70716686651894,-107.85714285714286
2023-05-19,89.0,138.0,146.0,8258.0,348.0,False,-202.0,4,5,0,0,8474.0,8596.333333333334,8688.333333333334,8535.42857142857,57.16633115730156,8575.5,75.18043821764834,351.0,357.0,346.0,310.7142857142857,34.354593510011185,318.85714285714283,45.463183994316736,-109.42857142857143
2023-05-20,98.0,154.0,139.0,8042.0,346.0,False,-207.0,5,5,0,0,8258.0,8520.666666666666,8586.666666666666,8487.095238095239,112.92503483311378,8544.761904761905,106.81563544528096,348.0,323.0,361.0,309.42857142857144,32.4492277404623,319.0,45.558077895566015,-118.0
2023-05-21,107.0,170.0,133.0,7826.0,343.0,True,-210.0,6,5,0,0,8042.0,8445.0,8485.0,8418.714285714286,200.31784267816502,8505.857142857143,170.5529325702195,346.0,288.0,375.0,312.7142857142857,35.107996647080796,317.92857142857144,44.66191681048645,-133.57142857142858
2023-05-22,99.0,156.0,139.0,7848.0,240.0,True,-101.0,0,5,0,0,7826.0,8571.0,8590.0,8330.285714285714,299.06672292634005,8458.785714285714,249.44531994701083,343.0,277.0,261.0,320.57142857142856,34.80831865544582,315.64285714285717,42.271298032620635,-156.14285714285714
2023-05-23,25.0,66.0,94.0,7788.0,246.0,True,-152.0,1,5,0,0,7848.0,8572.0,8606.0,8227.0,325.7366011570212,8405.785714285714,294.2284015163239,240.0,272.0,250.0,315.2857142857143,44.0972950255618,314.14285714285717,44.66431572185002,-156.28571428571428
2023-05-24,35.0,70.0,53.0,7709.0,276.0,True,-223.0,2,5,0,0,7788.0,8569.0,8681.0,8115.0,322.10609018354165,8347.357142857143,330.4069095603552,246.0,307.0,304.0,311.57142857142856,49.15572921120918,313.85714285714283,45.116698499740465,-169.28571428571428
2023-05-25,43.0,73.0,64.0,7546.0,408.0,True,-344.0,3,5,0,0,7709.0,8474.0,8672.0,7992.142857142857,281.5365154359262,8277.92857142857,356.0349108631859,276.0,351.0,392.0,307.14285714285717,50.99813255217814,311.85714285714283,46.19499996729108,-184.85714285714286
2023-05-26,42.0,69.75,66.0,7408.5,358.0,False,-292.0,4,5,0,0,7546.0,8258.0,8596.333333333334,7859.571428571428,230.7262859918922,8197.5,386.08047409656933,408.0,348.0,357.0,315.2857142857143,62.43587186256074,313.0,48.47203793465323,-205.57142857142858
2023-05-27,42.0,66.5,68.0,7271.0,308.0,False,-240.0,5,5,0,0,7408.5,8042.0,8520.666666666666,7738.214285714285,208.58049148605494,8112.654761904762,420.661264463492,358.0,346.0,323.0,316.7142857142857,63.415861017346735,313.07142857142856,48.542549591869616,-218.42857142857142
2023-05-28,42.0,63.25,69.0,7133.5,257.0,False,-188.0,6,5,0,0,7271.0,7826.0,8445.0,7628.071428571428,224.39482105048202,8023.392857142857,458.3237090231609,308.0,343.0,288.0,311.2857142857143,62.10398346245408,312.0,48.47203793465323,-223.14285714285714
2023-05-29,41.0,60.0,71.0,6996.0,207.0,True,-136.0,0,5,0,0,7133.5,7848.0,8571.0,7529.142857142857,270.50426895670427,7929.714285714285,497.84808905952417,257.0,240.0,277.0,299.0,63.279801938164596,309.7857142857143,50.32536991560876,-220.0
2023-05-30,65.0,83.0,65.0,7046.0,168.0,True,-103.0,1,5,0,0,6996.0,7788.0,8572.0,7407.428571428572,293.7987446891885,7817.214285714285,519.2800383624993,207.0,246.0,272.0,294.2857142857143,69.34626710865386,304.7857142857143,56.88338755928469,-225.0
2023-05-31,38.0,80.0,82.0,7053.0,210.0,True,-128.0,2,5,0,1,7046.0,7709.0,8569.0,7301.428571428572,266.16104594951935,7708.214285714285,508.70944231781027,168.0,276.0,307.0,283.14285714285717,83.26749780362199,297.35714285714283,67.3265373932348,-218.0
2023-06-01,56.0,82.0,68.0,7002.0,287.0,True,-219.0,3,6,1,0,7053.0,7546.0,8474.0,7207.714285714285,207.83644554126482,7599.928571428572,471.36474759439375,210.0,408.0,351.0,273.7142857142857,87.82314479625951,290.42857142857144,71.14093734997437,-204.42857142857142
2023-06-02,62.0,89.0,72.0,6853.0,289.0,False,-217.0,4,6,0,0,7002.0,7408.5,8258.0,7130.0,155.33860863713753,7494.785714285715,423.0974480535805,287.0,358.0,348.0,256.42857142857144,66.24413720689337,285.85714285714283,68.9725220012202,-186.57142857142858
2023-06-03,68.0,96.0,76.0,6704.0,290.0,False,-214.0,5,6,0,0,6853.0,7271.0,8042.0,7050.642857142857,129.01185807435434,7394.428571428572,393.7531370884998,289.0,308.0,346.0,246.57142857142858,52.27127044836115,281.64285714285717,66.64672320741454,-175.85714285714286
2023-06-04,74.0,103.0,80.0,6555.0,292.0,True,-212.0,6,6,0,0,6704.0,7133.5,7826.0,6969.642857142857,144.64978231506882,7298.857142857143,386.8022963782902,290.0,257.0,343.0,244.0,49.0917508345343,277.64285714285717,64.11960835675926,-172.14285714285714
2023-06-05,68.0,107.0,102.0,6523.0,189.0,True,-87.0,0,6,0,0,6555.0,6996.0,7848.0,6887.0,192.70530177792224,7208.071428571428,402.4027286735993,292.0,207.0,240.0,249.0,52.313159593611495,274.0,61.51672693103647,-175.57142857142858
2023-06-06,92.0,124.0,93.0,6508.0,187.0,True,-94.0,1,6,0,0,6523.0,7046.0,7788.0,6819.428571428572,227.8397515380903,7113.428571428572,396.0842886763702,189.0,168.0,246.0,246.42857142857142,55.090401894997825,270.35714285714283,65.09118709443433,-168.57142857142858
2023-06-07,113.0,162.0,107.0,6483.0,208.0,True,-101.0,2,6,0,0,6508.0,7053.0,7709.0,6742.571428571428,229.40855632314924,7022.0,375.5963975415051,187.0,210.0,276.0,249.14285714285714,50.89017119060932,266.14285714285717,68.6046165107963,-167.28571428571428
2023-06-08,106.0,196.0,131.0,6446.0,255.0,True,-124.0,3,6,0,0,6483.0,7002.0,7546.0,6661.142857142857,200.15279877415696,6934.428571428572,344.7556468630477,208.0,287.0,408.0,248.85714285714286,51.15150232863342,261.2857142857143,70.24071640977377,-163.42857142857142
2023-06-09,99.0,181.33333333333334,143.0,6299.666666666667,249.0,False,-106.0,4,6,0,0,6446.0,6853.0,7408.5,6581.714285714285,145.09044798064036,6855.857142857143,319.04282498722085,255.0,289.0,358.0,244.28571428571428,48.53766333379432,250.35714285714286,56.14624741602169,-149.85714285714286
2023-06-10,93.0,166.66666666666666,156.0,6153.333333333333,244.0,False,-88.0,5,6,0,0,6299.666666666667,6704.0,7271.0,6502.666666666666,121.46512988410355,6776.654761904762,308.76424818700775,249.0,290.0,308.0,238.57142857142858,44.59019751341895,242.57142857142858,46.86102905353306,-134.0
2023-06-11,86.0,152.0,168.0,6007.0,238.0,True,-70.0,6,6,0,0,6153.333333333333,6555.0,7133.5,6424.0,145.31702253012563,6696.821428571428,315.5319105883171,244.0,292.0,257.0,232.0,38.755644750152186,238.0,42.94540362259644,-116.0
2023-06-12,84.0,118.0,136.0,6021.0,177.0,True,-41.0,0,6,0,0,6007.0,6523.0,6996.0,6345.714285714285,200.2205662070177,6616.357142857143,338.4134290511402,238.0,189.0,207.0,224.28571428571428,28.958097806510477,236.64285714285714,42.597593183828735,-95.71428571428571
2023-06-13,59.0,64.0,117.0,6061.0,146.0,True,-29.0,1,6,0,0,6021.0,6508.0,7046.0,6274.0,215.46005902955733,6546.714285714285,354.23015979022495,177.0,187.0,168.0,222.57142857142858,31.627293818562986,234.5,44.89603374635531,-89.14285714285714
2023-06-14,62.0,97.0,52.0,6065.0,167.0,True,-115.0,2,6,0,0,6061.0,6483.0,7053.0,6210.142857142857,200.2527899784743,6476.357142857143,345.13736802656587,146.0,208.0,210.0,216.71428571428572,41.552032785068725,232.92857142857142,47.70012785939076,-79.85714285714286
2023-06-15,91.0,75.0,97.0,6038.0,272.0,True,-175.0,3,6,0,0,6065.0,6446.0,7002.0,6150.428571428572,164.44955483259588,6405.785714285715,318.111081151164,167.0,255.0,287.0,210.85714285714286,45.67066371106863,229.85714285714286,50.587102556432065,-81.85714285714286
2023-06-16,76.0,69.0,76.0,5948.25,240.0,False,-164.0,4,6,0,0,6038.0,6299.666666666667,6853.0,6092.142857142857,103.08498061063911,6336.928571428572,281.3357084166237,272.0,249.0,289.0,213.28571428571428,48.75692868955234,228.78571428571428,49.42932572631628,-89.14285714285714
2023-06-17,60.0,63.0,54.0,5858.5,207.0,False,-153.0,5,6,0,0,5948.25,6153.333333333333,6704.0,6041.940476190476,62.923430730555175,6272.303571428572,256.4879656111775,240.0,244.0,290.0,212.0,47.766794603224774,225.28571428571428,46.4847842291991,-97.42857142857143
2023-06-18,44.0,57.0,32.0,5768.75,174.0,False,-142.0,6,6,0,0,5858.5,6007.0,6555.0,5999.821428571428,73.68863467953904,6211.910714285715,246.3625257334774,207.0,238.0,292.0,206.71428571428572,45.63519944704334,219.35714285714286,42.73821410699071,-106.71428571428571
2023-06-19,29.0,51.0,11.0,5679.0,142.0,True,-131.0,0,6,0,0,5768.75,6021.0,6523.0,5965.785714285715,113.88119069986999,6155.75,251.69475136214305,174.0,177.0,189.0,197.57142857142858,44.72455381874379,210.92857142857142,38.760535611355515,-117.0
2023-06-20,33.0,53.0,34.0,5904.0,134.0,True,-100.0,1,6,0,0,5679.0,6061.0,6508.0,5916.928571428572,152.9171013357706,6095.464285714285,257.963932983652,142.0,146.0,187.0,192.57142857142858,49.14555640427434,207.57142857142858,42.64651538784048,-129.85714285714286
2023-06-21,93.0,196.0,169.0,5922.0,149.0,True,20.0,2,6,0,0,5904.0,6065.0,6483.0,5894.5,139.15885706623894,6052.321428571428,232.95834074484645,134.0,167.0,208.0,190.85714285714286,51.20686337926639,203.78571428571428,46.76648795456462,-140.0
2023-06-22,124.0,234.0,161.0,5956.0,207.0,True,-46.0,3,6,0,0,5922.0,6038.0,6446.0,5874.071428571428,118.99288444104931,6012.25,198.94417891657417,149.0,272.0,255.0,188.28571428571428,53.02425321087912,199.57142857142858,48.96421658205663,-120.71428571428571
2023-06-23,113.0,223.66666666666666,165.0,5892.666666666667,226.0,False,-61.0,4,6,0,0,5956.0,5948.25,6299.666666666667,5862.357142857143,103.14632174953225,5977.25,155.01841633081216,207.0,240.0,249.0,179.0,40.0166631958904,196.14285714285714,46.39770740831165,-102.28571428571429
2023-06-24,103.0,213.33333333333334,169.0,5829.333333333333,244.0,False,-75.0,5,6,0,0,5892.666666666667,5858.5,6153.333333333333,5854.416666666666,97.41210425577195,5948.178571428572,125.19799215858407,226.0,207.0,244.0,177.0,36.66969684448813,194.5,44.76047363467065,-87.57142857142857
2023-06-25,92.0,203.0,173.0,5766.0,263.0,True,-90.0,6,6,0,0,5829.333333333333,5768.75,6007.0,5850.25,97.83121566882978,5925.035714285715,113.78333415158323,244.0,174.0,238.0,182.28571428571428,43.706270662664544,194.5,44.76047363467065,-76.42857142857143
2023-06-26,186.0,259.0,172.0,5819.0,174.0,True,-2.0,0,6,0,0,5766.0,5679.0,6021.0,5849.857142857143,98.21779599297308,5907.821428571428,118.55929517043455,263.0,142.0,177.0,195.0,52.87721626560912,196.28571428571428,47.06857284272166,-69.0
2023-06-27,154.0,225.0,220.0,5917.0,155.0,True,65.0,1,6,0,0,5819.0,5904.0,6061.0,5869.857142857143,66.88349659208902,5893.392857142857,115.9898105078197,174.0,134.0,146.0,199.57142857142858,48.75399861500981,196.07142857142858,47.16984741860579,-50.57142857142857
2023-06-28,91.0,199.0,172.0,5999.0,174.0,True,-2.0,2,6,0,0,5917.0,5922.0,6065.0,5871.714285714285,68.15788549008268,5883.107142857143,105.93222428345368,155.0,149.0,167.0,202.57142857142858,44.50789122113492,196.71428571428572,46.49140296281232,-27.0
2023-06-29,81.0,213.0,153.0,6058.0,213.0,True,-60.0,3,6,0,0,5999.0,5956.0,6038.0,5882.714285714285,82.35996613128187,5878.392857142857,98.41680197441248,174.0,207.0,272.0,206.14285714285714,40.296519996266696,197.21428571428572,46.18387759219222,-30.142857142857142
2023-06-30,124.0,237.0,163.0,6006.333333333333,245.0,False,-82.0,4,6,0,1,6058.0,5892.666666666667,5948.25,5897.285714285715,103.73603048674013,5879.821428571428,101.02245908975411,213.0,226.0,240.0,207.0,40.381513922420794,193.0,41.26462444720996,-32.142857142857146
2023-07-01,166.0,261.0,174.0,5954.666666666667,277.0,False,-103.0,5,7,1,0,6006.333333333333,5829.333333333333,5858.5,5913.52380952381,111.49835692899447,5883.970238095238,105.15695232850592,245.0,244.0,207.0,209.71428571428572,42.456700632190284,193.35714285714286,41.72180234851843,-35.142857142857146
2023-07-02,209.0,285.0,184.0,5903.0,309.0,True,-125.0,6,7,0,0,5954.666666666667,5766.0,5768.75,5931.428571428572,105.63454020649662,5890.839285714285,106.49755456588743,277.0,263.0,174.0,214.42857142857142,48.32479399113578,198.35714285714286,47.30361368999109,-39.142857142857146
2023-07-03,196.0,299.5,200.0,6015.0,216.0,False,-16.0,0,7,0,0,5903.0,5819.0,5679.0,5951.0,79.28032776390542,5900.428571428572,100.53595084088674,309.0,174.0,142.0,221.0,58.15783122962317,208.0,55.07756767994118,-44.142857142857146
2023-07-04,184.0,314.0,217.0,6127.0,124.0,True,93.0,1,7,0,0,6015.0,5917.0,5904.0,5979.0,56.119251334567245,5924.428571428572,82.00807012317344,216.0,155.0,134.0,227.0,54.55578185062819,213.28571428571428,51.703933151132134,-46.142857142857146
2023-07-05,107.0,215.0,230.0,6193.0,167.0,True,63.0,2,7,0,0,6127.0,5999.0,5922.0,6009.0,71.47985989320625,5940.357142857143,97.85978669014978,124.0,174.0,149.0,222.57142857142858,62.109733920047084,212.57142857142858,52.937865299024104,-42.142857142857146
2023-07-06,101.0,162.0,178.0,6239.0,205.0,True,-27.0,3,7,0,0,6193.0,6058.0,5956.0,6036.714285714285,99.19312038774255,5959.714285714285,118.56210152057722,167.0,213.0,207.0,221.57142857142858,63.071010622570334,213.85714285714286,51.4734541634474,-32.857142857142854
2023-07-07,100.0,171.33333333333334,177.0,6230.666666666667,202.0,False,-25.0,4,7,0,0,6239.0,6006.333333333333,5892.666666666667,6062.571428571428,125.71259318237836,5979.928571428572,140.05677594605763,205.0,245.0,226.0,220.42857142857142,63.324184802904334,213.71428571428572,51.496719195615995,-28.142857142857142
2023-07-08,100.0,180.66666666666666,177.0,6222.333333333333,199.0,False,-22.0,5,7,0,0,6230.666666666667,5954.666666666667,5829.333333333333,6094.619047619047,137.06803238767088,6004.071428571428,152.4420124344691,202.0,277.0,244.0,214.28571428571428,62.62511286939738,212.0,51.45573153393455,-20.0
2023-07-09,99.0,190.0,176.0,6214.0,196.0,True,-20.0,6,7,0,0,6222.333333333333,5903.0,5766.0,6132.857142857143,128.591782633373,6032.142857142857,153.9665694808718,199.0,309.0,263.0,203.14285714285714,56.21811265487475,208.78571428571428,50.70302459712579,-8.428571428571429
2023-07-10,167.0,239.0,166.0,6346.0,163.0,True,3.0,0,7,0,0,6214.0,6015.0,5819.0,6177.285714285715,80.77504853350771,6064.142857142857,140.35070324841075,196.0,216.0,174.0,187.0,31.580584752872007,204.0,48.29715710697087,6.571428571428571
2023-07-11,115.0,216.0,169.0,6498.0,143.0,True,26.0,1,7,0,0,6346.0,6127.0,5917.0,6224.571428571428,65.35025695923534,6101.785714285715,140.2165362757921,163.0,124.0,155.0,179.42857142857142,29.770551124991165,203.21428571428572,48.908357900542065,9.285714285714286
2023-07-12,84.0,158.0,193.0,6521.0,210.0,True,-17.0,2,7,0,0,6498.0,6193.0,5999.0,6277.571428571428,108.9372422604165,6143.285714285715,165.09142026519848,143.0,167.0,174.0,182.14285714285714,24.22415166336114,202.35714285714286,49.913166357427365,-0.2857142857142857
2023-07-13,130.0,227.0,192.0,6604.0,226.0,True,-34.0,3,7,0,0,6521.0,6239.0,6058.0,6324.428571428572,134.12676622498296,6180.571428571428,187.43283371669537,210.0,205.0,213.0,188.28571428571428,25.177465359022154,204.92857142857142,49.2629745279424,-11.714285714285714
2023-07-14,116.0,222.66666666666666,181.0,6558.666666666667,223.0,False,-42.0,4,7,0,0,6604.0,6230.666666666667,6006.333333333333,6376.571428571428,163.1818701673211,6219.571428571428,214.77678448815232,226.0,202.0,245.0,191.28571428571428,28.529016139796347,205.85714285714286,49.54851102762812,-12.714285714285714
2023-07-15,102.0,218.33333333333334,171.0,6513.333333333333,221.0,False,-50.0,5,7,0,0,6558.666666666667,6222.333333333333,5954.666666666667,6423.428571428572,161.38528941695176,6259.02380952381,223.15949852664727,223.0,199.0,277.0,194.28571428571428,30.852953860283144,204.28571428571428,48.550415622761655,-15.142857142857142
2023-07-16,88.0,214.0,160.0,6468.0,218.0,True,-58.0,6,7,0,0,6513.333333333333,6214.0,5903.0,6465.0,136.51468514134584,6298.928571428572,214.32339086767587,221.0,196.0,309.0,197.42857142857142,32.49029159024348,200.28571428571428,44.211778053832695,-19.142857142857142
2023-07-17,113.0,208.0,159.0,6632.0,160.0,True,-1.0,0,7,0,0,6468.0,6346.0,6015.0,6501.285714285715,81.24959910349604,6339.285714285715,185.25920197651274,218.0,163.0,216.0,200.57142857142858,33.38091841585119,193.78571428571428,32.00283297899368,-24.571428571428573
2023-07-18,174.0,285.0,150.0,6874.0,181.0,True,-31.0,1,7,0,0,6632.0,6498.0,6127.0,6542.142857142857,59.01470536838156,6383.357142857143,175.30215498774592,160.0,143.0,124.0,200.14285714285714,33.95795719920231,189.78571428571428,32.508409731894794,-25.142857142857142
2023-07-19,104.0,230.0,206.0,7001.0,226.0,True,-20.0,2,7,0,0,6874.0,6521.0,6193.0,6595.857142857143,134.70981942574477,6436.714285714285,202.79861836137195,181.0,210.0,167.0,205.57142857142858,25.211486422245052,193.85714285714286,26.68291629447705,-33.285714285714285
2023-07-20,147.0,276.0,214.0,7116.0,281.0,True,-67.0,3,7,0,0,7001.0,6604.0,6239.0,6664.428571428572,197.69642967656102,6494.428571428572,239.7182972300267,226.0,226.0,205.0,207.85714285714286,26.378201678839346,198.07142857142858,26.773880169685977,-33.714285714285715
2023-07-21,134.0,257.3333333333333,214.0,7094.666666666667,279.0,False,-65.0,4,7,0,0,7116.0,6558.666666666667,6230.666666666667,6737.571428571428,257.332233322721,6557.071428571428,279.17635815007674,281.0,223.0,202.0,215.71428571428572,38.21742310218506,203.5,34.791135033555875,-38.42857142857143
2023-07-22,121.0,238.66666666666666,213.0,7073.333333333333,278.0,False,-65.0,5,7,0,0,7094.666666666667,6513.333333333333,6222.333333333333,6814.142857142857,274.40453086789125,6618.785714285715,296.4352484647483,279.0,221.0,199.0,223.71428571428572,45.21693740813755,209.0,40.20141597200135,-41.714285714285715
2023-07-23,108.0,220.0,213.0,7052.0,276.0,True,-63.0,6,7,0,0,7073.333333333333,6468.0,6214.0,6894.142857142857,252.8769175897955,6679.571428571428,296.1380317043624,278.0,218.0,196.0,231.85714285714286,49.56957592256421,214.64285714285714,44.04998409649129,-43.857142857142854
2023-07-24,180.0,280.0,146.0,7220.0,187.0,True,-41.0,0,7,0,0,7052.0,6632.0,6346.0,6977.571428571428,172.3752059902823,6739.428571428572,278.9894593656152,276.0,160.0,163.0,240.14285714285714,51.67019957199241,220.35714285714286,46.56278993567118,-44.57142857142857
2023-07-25,134.0,294.0,186.0,7510.0,136.0,True,50.0,1,7,0,0,7220.0,6874.0,6498.0,7061.571428571428,106.64526074885875,6801.857142857143,281.95155413063134,187.0,181.0,143.0,244.0,45.30636452714638,222.07142857142858,44.69290820651613,-50.285714285714285
2023-07-26,202.0,313.0,158.0,7647.0,215.0,True,-57.0,2,7,0,0,7510.0,7001.0,6521.0,7152.428571428572,171.4444855928355,6874.142857142857,324.56371016119647,136.0,226.0,210.0,237.57142857142858,57.33194904198166,221.57142857142858,45.67395198699061,-38.714285714285715
2023-07-27,110.0,272.0,193.0,7754.0,259.0,True,-66.0,3,7,0,0,7647.0,7116.0,6604.0,7244.714285714285,237.4913977834656,6954.571428571428,367.05444363331645,215.0,281.0,226.0,236.0,57.85038173311104,221.92857142857142,45.59599220868583,-44.0
2023-07-28,129.0,273.6666666666667,205.0,7726.333333333333,274.0,False,-69.0,4,7,0,0,7754.0,7094.666666666667,6558.666666666667,7335.857142857143,295.25932463353126,7036.714285714285,408.8631488420948,259.0,279.0,223.0,232.85714285714286,55.55006322057181,224.28571428571428,46.66316051716366,-43.857142857142854
2023-07-29,147.0,275.3333333333333,217.0,7698.666666666667,290.0,False,-73.0,5,7,0,0,7726.333333333333,7073.333333333333,6513.333333333333,7426.0952380952385,305.605089780015,7120.119047619047,422.7068371904673,274.0,278.0,221.0,232.14285714285714,54.88602910100339,227.92857142857142,48.509260473113606,-44.42857142857143
2023-07-30,166.0,277.0,229.0,7671.0,305.0,True,-76.0,6,7,0,0,7698.666666666667,7052.0,6468.0,7515.428571428572,275.1841615197044,7204.785714285715,410.34920728200444,290.0,276.0,218.0,233.85714285714286,56.713985845434905,232.85714285714286,51.18271514554847,-45.57142857142857
2023-07-31,136.0,276.0,178.0,7800.0,220.0,True,-42.0,0,7,0,1,7671.0,7220.0,6632.0,7603.857142857143,186.66238657219174,7290.714285714285,367.9626480751916,305.0,187.0,160.0,238.0,61.18823416311342,239.07142857142858,54.41926169984363,-47.42857142857143
2023-08-01,87.0,246.0,173.0,8103.0,168.0,True,5.0,1,8,1,0,7800.0,7510.0,6874.0,7686.714285714285,93.20734126445191,7374.142857142857,338.3418267036874,220.0,136.0,181.0,242.71428571428572,57.78037234711654,243.35714285714286,49.88696013197048,-47.57142857142857
2023-08-02,84.0,171.0,157.0,8261.0,271.0,True,-114.0,2,8,0,0,8103.0,7647.0,7001.0,7771.428571428572,154.89562964988843,7461.928571428572,357.488967699505,168.0,215.0,226.0,247.28571428571428,48.441422652224304,242.42857142857142,51.239579482022755,-54.0
2023-08-03,167.0,209.0,157.0,8294.0,339.0,True,-182.0,3,8,0,0,8261.0,7754.0,7116.0,7859.142857142857,228.87299220490326,7551.928571428572,389.678240677647,271.0,259.0,281.0,255.28571428571428,46.81778253938094,245.64285714285714,51.54028617403205,-62.142857142857146
2023-08-04,148.0,221.0,158.0,8295.333333333334,333.0,False,-175.0,4,8,0,0,8294.0,7726.333333333333,7094.666666666667,7936.285714285715,274.0698362320342,7636.071428571428,414.68752892056074,339.0,274.0,279.0,266.7142857142857,56.6148222220833,249.78571428571428,56.67610888797268,-78.71428571428571
2023-08-05,128.0,233.0,158.0,8296.666666666666,328.0,False,-170.0,5,8,0,0,8295.333333333334,7698.666666666667,7073.333333333333,8017.571428571428,285.56063858112,7721.833333333333,418.24637465795627,333.0,290.0,278.0,275.14285714285717,62.014591216983156,253.64285714285714,60.52413014385539,-93.85714285714286
2023-08-06,109.0,245.0,159.0,8298.0,322.0,True,-163.0,6,8,0,0,8296.666666666666,7671.0,7052.0,8103.0,262.7980494881824,7809.214285714285,399.7186961095624,328.0,305.0,276.0,280.57142857142856,65.11747625857221,257.2142857142857,63.47522662901179,-107.71428571428571
2023-08-07,156.0,256.0,176.0,8493.0,202.0,True,-26.0,0,8,0,0,8298.0,7800.0,7220.0,8192.57142857143,186.9120128003509,7898.214285714285,354.2836182684349,322.0,220.0,187.0,283.0,66.48308055437865,260.5,65.67489861196832,-120.14285714285714
2023-08-08,125.0,232.0,192.0,8725.0,207.0,True,-15.0,1,8,0,0,8493.0,8103.0,7510.0,8291.57142857143,113.39797409600605,7989.142857142857,329.3072945764873,202.0,168.0,136.0,280.42857142857144,69.60090311400934,261.57142857142856,64.49533589065462,-117.85714285714286
2023-08-09,118.0,139.0,168.0,8888.0,251.0,True,-83.0,2,8,0,0,8725.0,8261.0,7647.0,8380.42857142857,170.38515348785083,8075.928571428572,352.5976176544168,207.0,271.0,215.0,286.0,60.0,266.64285714285717,56.1078729466143,-120.71428571428571
2023-08-10,142.0,235.0,139.0,8914.0,353.0,True,-214.0,3,8,0,0,8888.0,8294.0,7754.0,8470.0,245.42170811644402,8164.571428571428,390.43373708286595,251.0,339.0,259.0,283.14285714285717,61.29553700835695,269.2142857142857,54.356626616658815,-116.28571428571429
2023-08-11,143.0,236.66666666666666,145.0,9034.0,342.0,False,-197.0,4,8,0,0,8914.0,8295.333333333334,7726.333333333333,8558.57142857143,280.66486633660736,8247.42857142857,418.66643043784705,353.0,333.0,274.0,285.14285714285717,63.60667829567524,275.92857142857144,58.63506995451978,-120.85714285714286
2023-08-12,144.0,238.33333333333334,151.0,9154.0,331.0,False,-180.0,5,8,0,0,9034.0,8296.666666666666,7698.666666666667,8664.095238095239,303.15774614480466,8340.833333333334,438.85100074477276,342.0,328.0,290.0,286.42857142857144,64.81475434615471,280.7857142857143,61.222392297927364,-124.0
2023-08-13,145.0,240.0,157.0,9274.0,320.0,False,-163.0,6,8,0,0,9154.0,8298.0,7671.0,8786.57142857143,303.15774614480506,8444.785714285714,447.3210210224674,331.0,322.0,305.0,286.85714285714283,65.14452796520614,283.7142857142857,62.660782203652886,-125.42857142857143
2023-08-14,146.0,241.66666666666666,163.0,9394.0,310.0,False,-147.0,0,8,0,0,9274.0,8493.0,7800.0,8926.0,262.7514668528281,8559.285714285714,439.10378535161874,320.0,202.0,220.0,286.57142857142856,64.9688570082034,284.7857142857143,63.17884087307972,-125.42857142857143
2023-08-15,147.0,243.33333333333334,169.0,9514.0,299.0,False,-130.0,1,8,0,0,9394.0,8725.0,8103.0,9054.714285714286,234.4473745396853,8673.142857142857,433.70519969696676,310.0,207.0,168.0,302.0,53.31666406168589,291.2142857142857,60.606141566712424,-142.71428571428572
2023-08-16,148.0,245.0,175.0,9634.0,288.0,True,-113.0,2,8,0,0,9514.0,8888.0,8261.0,9167.42857142857,239.12817841957965,8773.92857142857,454.47110574652726,299.0,251.0,271.0,315.14285714285717,33.74131281494829,300.57142857142856,49.14924568748067,-159.14285714285714
2023-08-17,119.0,219.0,210.0,9694.0,407.0,True,-197.0,3,8,0,0,9634.0,8914.0,8294.0,9274.0,259.2296279362785,8872.0,482.5450866849082,288.0,353.0,339.0,320.42857142857144,23.301338608594683,301.7857142857143,48.56902870606467,-163.42857142857142
2023-08-18,114.0,216.0,190.0,9623.666666666666,401.0,False,-211.0,4,8,0,0,9694.0,9034.0,8295.333333333334,9385.42857142857,245.9965156547302,8972.0,498.35474613114445,407.0,342.0,333.0,328.14285714285717,39.316784250616536,306.64285714285717,55.4847271332835,-161.0
2023-08-19,110.0,213.0,169.0,9553.333333333334,396.0,False,-227.0,5,8,0,0,9623.666666666666,9154.0,8296.666666666666,9469.666666666668,202.75957300316838,9066.880952380952,485.90953762461066,401.0,331.0,328.0,336.57142857142856,48.12087953912577,311.5,60.7007160013529,-163.0
2023-08-20,105.0,210.0,149.0,9483.0,390.0,True,-241.0,6,8,0,0,9553.333333333334,9274.0,8298.0,9526.714285714286,147.89766589335545,9156.642857142857,447.21446439852656,396.0,320.0,322.0,345.85714285714283,52.90062561516826,316.35714285714283,64.71072571048786,-169.71428571428572
2023-08-21,143.0,203.0,163.0,9668.0,281.0,True,-118.0,0,8,0,0,9483.0,9394.0,8493.0,9556.57142857143,102.50902657368097,9241.285714285714,379.16403452773403,390.0,310.0,202.0,355.85714285714283,53.80653173307923,321.2142857142857,67.65202660154885,-180.85714285714286
2023-08-22,119.0,209.0,152.0,9921.0,230.0,True,-78.0,1,8,0,0,9668.0,9514.0,8725.0,9595.714285714286,79.90652607913879,9325.214285714286,327.28336887304073,281.0,299.0,207.0,351.7142857142857,58.8096202042781,326.85714285714283,59.78018341951031,-176.71428571428572
2023-08-23,155.0,212.0,181.0,10071.0,285.0,True,-104.0,2,8,0,0,9921.0,9634.0,8888.0,9653.857142857143,137.7072656226764,9410.642857142857,314.4002964343853,230.0,288.0,251.0,341.85714285714283,73.15150618505994,328.5,56.45658645230083,-169.28571428571428
2023-08-24,109.0,214.0,173.0,10026.0,443.0,True,-270.0,3,8,0,0,10071.0,9694.0,8914.0,9716.285714285714,208.21155806063354,9495.142857142857,322.00938867994057,285.0,407.0,353.0,341.42857142857144,73.52744871329156,330.92857142857144,53.52133188769623,-168.0
2023-08-25,136.0,237.0,179.0,9975.0,458.0,False,-279.0,4,8,0,0,10026.0,9623.666666666666,9034.0,9763.714285714286,237.97489974792913,9574.57142857143,304.2934208267872,443.0,401.0,342.0,346.57142857142856,79.86417040379072,337.35714285714283,61.22669998627026,-178.42857142857142
2023-08-26,164.0,260.0,186.0,9924.0,473.0,False,-287.0,5,8,0,0,9975.0,9553.333333333334,9154.0,9813.904761904763,240.55042701373938,9641.785714285714,278.54087478411634,458.0,396.0,331.0,354.7142857142857,88.75005030179666,345.64285714285717,69.22939253820402,-188.14285714285714
2023-08-27,191.0,283.0,192.0,9873.0,488.0,True,-296.0,6,8,0,0,9924.0,9483.0,9274.0,9866.857142857143,212.8312544179727,9696.785714285714,249.30136937380485,473.0,390.0,320.0,365.7142857142857,98.9102527306351,355.7857142857143,76.89671251493353,-196.71428571428572
2023-08-28,170.0,297.0,196.0,10012.0,388.0,True,-192.0,0,8,0,0,9873.0,9668.0,9394.0,9922.57142857143,130.85979410908135,9739.57142857143,220.9490573830701,488.0,281.0,310.0,379.7142857142857,109.30952121645875,367.7857142857143,83.69098708153254,-204.57142857142858
2023-08-29,152.0,272.0,214.0,10180.0,286.0,True,-72.0,1,8,0,0,10012.0,9921.0,9514.0,9971.714285714286,69.55984063062118,9783.714285714286,207.94928117424337,388.0,230.0,299.0,395.0,100.31616685925232,373.35714285714283,82.12992253633324,-215.14285714285714
2023-08-30,239.0,367.0,224.0,10280.0,366.0,True,-142.0,2,8,0,0,10180.0,10071.0,9634.0,10008.714285714286,100.2159572883706,9831.285714285714,217.46294928128572,286.0,285.0,288.0,403.0,86.20518159213722,372.42857142857144,83.10300770796334,-214.28571428571428
2023-08-31,113.0,280.0,237.0,10140.0,505.0,True,-268.0,3,8,0,1,10280.0,10026.0,9694.0,10038.57142857143,143.60577651196965,9877.42857142857,239.77334128137664,366.0,443.0,407.0,414.57142857142856,71.99040941416483,378.0,79.54582617295756,-219.71428571428572
2023-09-01,134.0,286.5,224.0,10102.0,452.0,False,-228.0,4,9,1,0,10140.0,9975.0,9623.666666666666,10054.857142857143,148.32894589547624,9909.285714285714,243.13271874739303,505.0,458.0,401.0,423.42857142857144,79.49393507863189,385.0,86.31783842734444,-219.42857142857142
2023-09-02,154.0,293.0,212.0,10064.0,399.0,False,-187.0,5,9,0,0,10102.0,9924.0,9553.333333333334,10073.0,144.6547614148499,9943.45238095238,233.3193991129362,452.0,473.0,396.0,422.57142857142856,79.09036423159107,388.64285714285717,88.10274346802892,-212.14285714285714
2023-09-03,175.0,299.5,200.0,10026.0,346.0,False,-146.0,6,9,0,0,10064.0,9873.0,9483.0,10093.0,129.50546963991164,9979.92857142857,205.9508769979945,399.0,488.0,390.0,412.0,76.11613933106888,388.85714285714283,88.12565953303144,-197.85714285714286
2023-09-04,196.0,306.0,187.0,9988.0,293.0,True,-106.0,0,9,0,0,10026.0,10012.0,9668.0,10114.857142857143,94.31759922621656,10018.714285714286,148.20174844359016,346.0,388.0,281.0,391.7142857142857,71.25240179744668,385.7142857142857,88.86327317109824,-176.42857142857142
2023-09-05,236.0,330.0,222.0,10142.0,243.0,True,-21.0,1,9,0,0,9988.0,10180.0,9921.0,10111.42857142857,98.99975949940506,10041.57142857143,109.5997713961513,293.0,286.0,230.0,378.14285714285717,80.52210580834026,386.57142857142856,87.82737814399482,-164.14285714285714
2023-09-06,81.0,230.0,242.0,10356.0,291.0,True,-49.0,2,9,0,0,10142.0,10280.0,10071.0,10106.0,95.59637371079658,10057.357142857143,106.77698336159706,243.0,366.0,285.0,372.0,89.82575725629417,387.5,86.09632351661034,-156.85714285714286
2023-09-07,118.0,245.0,160.0,10419.0,398.0,True,-238.0,3,9,0,0,10356.0,10140.0,10026.0,10116.857142857143,119.88248213895706,10077.714285714286,133.42150015374253,291.0,505.0,443.0,361.2857142857143,94.98546254684507,387.92857142857144,85.56011317800412,-143.57142857142858
2023-09-08,151.0,257.6666666666667,176.0,10373.333333333334,393.0,False,-217.0,4,9,0,0,10419.0,10102.0,9975.0,10156.714285714286,166.26556497130287,10105.785714285714,160.33291258229235,398.0,452.0,458.0,346.0,74.37741592714828,384.7142857142857,84.16597939733131,-139.28571428571428
2023-09-09,185.0,270.3333333333333,192.0,10327.666666666666,387.0,False,-195.0,5,9,0,0,10373.333333333334,10064.0,9924.0,10195.476190476189,182.24442857333352,10134.238095238095,170.3683003182681,393.0,399.0,473.0,337.57142857142856,62.80620230215369,380.07142857142856,81.56494749180297,-137.71428571428572
2023-09-10,218.0,283.0,208.0,10282.0,382.0,True,-174.0,6,9,0,0,10327.666666666666,10026.0,9873.0,10233.142857142857,177.73345181526622,10163.07142857143,166.1568190673075,387.0,346.0,488.0,335.85714285714283,60.98750847900083,373.92857142857144,77.1466777645662,-138.85714285714286
2023-09-11,132.0,243.0,183.0,10492.0,277.0,True,-94.0,0,9,0,0,10282.0,9988.0,10012.0,10269.714285714286,152.56236473083806,10192.285714285714,145.9607637912381,382.0,293.0,388.0,341.0,63.4533949709024,366.35714285714283,69.9566977525347,-142.85714285714286
2023-09-12,224.0,315.0,152.0,10649.0,316.0,True,-164.0,1,9,0,0,10492.0,10142.0,10180.0,10341.714285714286,110.61317793222518,10226.57142857143,156.3594603158293,277.0,243.0,286.0,338.7142857142857,65.71837461399035,358.42857142857144,73.51474397981349,-141.14285714285714
2023-09-13,167.0,326.0,213.0,10678.0,343.0,True,-130.0,2,9,0,0,10649.0,10356.0,10280.0,10414.142857142857,123.30793389250468,10260.07142857143,191.8318876984461,316.0,291.0,366.0,349.14285714285717,52.451337991922266,360.57142857142856,71.6548503760738,-161.57142857142858
2023-09-14,209.0,353.0,232.0,10837.0,414.0,True,-182.0,3,9,0,0,10678.0,10419.0,10140.0,10460.142857142857,154.195265472621,10288.5,222.11322861271023,343.0,398.0,505.0,356.57142857142856,46.147795696209165,358.92857142857144,71.78436114847334,-173.14285714285714
2023-09-15,190.0,319.6666666666667,250.0,10824.333333333334,418.0,False,-168.0,4,9,0,0,10837.0,10373.333333333334,10102.0,10519.857142857143,207.37449190817208,10338.285714285714,260.98114865088445,414.0,393.0,452.0,358.85714285714283,48.85839597390475,352.42857142857144,60.82347002181359,-165.14285714285714
2023-09-16,172.0,286.3333333333333,268.0,10811.666666666666,423.0,False,-155.0,5,9,0,0,10824.333333333334,10327.666666666666,10064.0,10584.285714285714,223.68292941135712,10389.880952380952,281.2865317475888,418.0,387.0,399.0,362.42857142857144,52.54476549526506,350.0,57.107186668848634,-158.14285714285714
2023-09-17,153.0,253.0,286.0,10799.0,427.0,True,-141.0,6,9,0,0,10811.666666666666,10282.0,10026.0,10653.42857142857,205.17794573974865,10443.285714285714,285.5983330035056,423.0,382.0,346.0,367.57142857142856,56.929363082265375,351.7142857142857,59.01946037788431,-152.42857142857142
2023-09-18,180.0,337.0,219.0,10892.0,313.0,True,-94.0,0,9,0,0,10799.0,10492.0,9988.0,10727.285714285714,127.5641347150641,10498.5,273.1705503392015,427.0,277.0,293.0,374.0,61.21002096606967,357.5,62.29551162989766,-147.71428571428572
2023-09-19,133.0,287.0,189.0,11095.0,260.0,True,-71.0,1,9,0,0,10892.0,10649.0,10142.0,10784.42857142857,88.08134167528276,10563.07142857143,248.9898627864667,313.0,316.0,243.0,379.14285714285717,52.60997551614662,358.92857142857144,60.916669798509204,-147.71428571428572
2023-09-20,187.0,310.0,247.0,11064.0,364.0,True,-117.0,2,9,0,0,11095.0,10678.0,10356.0,10848.142857142857,126.65377962846469,10631.142857142857,255.21064583681587,260.0,343.0,291.0,371.14285714285717,66.2908454500032,360.14285714285717,58.55156457589888,-134.42857142857142
2023-09-21,168.0,285.0,210.0,11067.0,428.0,True,-218.0,3,9,0,0,11064.0,10837.0,10419.0,10903.285714285714,124.23609968766998,10681.714285714286,266.39751985258584,364.0,414.0,398.0,374.14285714285717,65.27232331146342,365.35714285714283,55.067241613331554,-132.57142857142858
2023-09-22,202.0,327.3333333333333,208.0,10959.333333333334,420.0,False,-212.0,4,9,0,0,11067.0,10824.333333333334,10373.333333333334,10936.142857142857,133.82767486900065,10728.0,273.44137952065284,428.0,418.0,393.0,376.14285714285717,66.89152555052256,367.5,56.985490730940334,-137.71428571428572
2023-09-23,235.0,369.6666666666667,206.0,10851.666666666666,411.0,False,-205.0,5,9,0,0,10959.333333333334,10811.666666666666,10327.666666666666,10955.42857142857,124.42664271765081,10769.857142857143,259.46851378515845,420.0,423.0,387.0,376.42857142857144,67.10404146511895,369.42857142857144,58.35529675479844,-144.0
2023-09-24,269.0,412.0,204.0,10744.0,403.0,True,-199.0,6,9,0,0,10851.666666666666,10799.0,10282.0,10961.142857142857,117.44673452136499,10807.285714285714,226.47102632145848,411.0,427.0,382.0,374.7142857142857,65.85771097782033,371.14285714285717,59.25675182932798,-151.14285714285714
2023-09-25,100.0,255.0,236.0,10842.0,284.0,True,-48.0,0,9,0,0,10744.0,10892.0,10492.0,10953.285714285714,131.14304157862833,10840.285714285714,170.87841717256813,403.0,313.0,277.0,371.2857142857143,63.25534044836147,372.64285714285717,59.815880503754904,-159.42857142857142
2023-09-26,205.0,294.0,177.0,10978.0,332.0,True,-155.0,1,9,0,0,10842.0,11095.0,10649.0,10946.142857142857,136.29772112205396,10865.285714285714,138.54814073655382,284.0,260.0,316.0,367.14285714285717,68.44566840793901,373.14285714285717,58.97829736809536,-152.85714285714286
2023-09-27,161.0,304.0,211.0,11017.0,331.0,True,-120.0,2,9,0,0,10978.0,11064.0,10678.0,10929.42857142857,121.35572355767937,10888.785714285714,126.41084876770333,332.0,364.0,343.0,377.42857142857144,53.422395874318504,374.2857142857143,57.93156250323183,-164.85714285714286
2023-09-28,57.0,162.0,193.0,10984.0,447.0,True,-254.0,3,9,0,0,11017.0,11067.0,10837.0,10922.714285714286,113.72993165606646,10913.0,114.8697515842536,331.0,428.0,414.0,372.7142857142857,56.18930587966107,373.42857142857144,58.515894337434624,-165.28571428571428
2023-09-29,65.0,148.66666666666666,179.0,10855.333333333334,462.0,False,-283.0,4,9,0,0,10984.0,10959.333333333334,10824.333333333334,10910.857142857143,99.6330038176683,10923.5,114.10429701925699,447.0,420.0,418.0,375.42857142857144,59.65695584718014,375.7857142857143,60.89231171809415,-170.42857142857142
2023-09-30,72.0,135.33333333333334,166.0,10726.666666666666,478.0,False,-312.0,5,9,0,1,10855.333333333334,10851.666666666666,10811.666666666666,10896.0,98.95135355499806,10925.714285714286,112.31867492742668,462.0,411.0,423.0,381.42857142857144,66.59543813920293,378.92857142857144,64.27999364045938,-180.57142857142858
2023-10-01,80.0,122.0,152.0,10598.0,493.0,True,-341.0,6,10,1,0,10726.666666666666,10744.0,10799.0,10878.142857142857,117.7740864949973,10919.642857142857,120.92538239516286,478.0,403.0,427.0,391.0,75.74078601827877,382.85714285714283,68.70881383709815,-195.85714285714286
2023-10-02,107.0,170.0,133.0,10724.0,284.0,True,-151.0,0,10,0,0,10598.0,10842.0,10892.0,10857.285714285714,153.11487197904512,10905.285714285714,145.73737397575994,493.0,284.0,313.0,403.85714285714283,85.16929918585426,387.57142857142856,74.02880342315173,-216.14285714285714
2023-10-03,99.0,156.0,139.0,10818.0,287.0,True,-148.0,1,10,0,0,10724.0,10978.0,11095.0,10840.42857142857,161.35223882407115,10893.285714285714,153.618901144147,284.0,332.0,260.0,403.85714285714283,85.16929918585426,385.5,76.63575184950147,-230.85714285714286
2023-10-04,25.0,66.0,94.0,10963.0,330.0,True,-236.0,2,10,0,0,10818.0,11017.0,11064.0,10817.57142857143,149.51436376997282,10873.5,143.11980218595306,287.0,331.0,364.0,397.42857142857144,92.84908389937085,387.42857142857144,73.51055841035424,-229.85714285714286
2023-10-05,35.0,70.0,53.0,11130.0,427.0,True,-374.0,3,10,0,0,10963.0,10984.0,11067.0,10809.857142857143,138.49693901453847,10866.285714285714,135.09938457229305,330.0,447.0,428.0,397.2857142857143,92.96901685635986,385.0,74.89274382023257,-246.42857142857142
2023-10-06,37.0,70.75,56.0,11051.25,391.0,False,-335.0,4,10,0,0,11130.0,10855.333333333334,10959.333333333334,10830.714285714286,175.21842755398862,10870.785714285714,143.11089520786638,427.0,462.0,420.0,394.42857142857144,91.48197844904978,384.92857142857144,74.84904221751289,-263.57142857142856
2023-10-07,39.0,71.5,58.0,10972.5,354.0,False,-296.0,5,10,0,0,11051.25,10726.666666666666,10851.666666666666,10858.70238095238,194.403169372056,10877.351190476189,149.45353513754344,391.0,478.0,411.0,384.2857142857143,86.54423586758847,382.85714285714283,74.20227774117134,-271.0
2023-10-08,41.0,72.25,61.0,10893.75,318.0,False,-257.0,6,10,0,0,10972.5,10598.0,10744.0,10893.82142857143,188.69666543851602,10885.982142857143,151.33339750133442,354.0,493.0,403.0,366.57142857142856,76.24272018332239,378.7857142857143,74.10302451154175,-268.7142857142857
2023-10-09,43.0,73.0,64.0,10815.0,282.0,True,-218.0,0,10,0,0,10893.75,10724.0,10842.0,10936.07142857143,137.61833652393872,10896.67857142857,145.71388828970828,318.0,284.0,284.0,341.57142857142856,53.0372735060201,372.7142857142857,75.43660463383304,-256.7142857142857
2023-10-10,41.0,60.0,71.0,10910.0,257.0,True,-186.0,1,10,0,0,10815.0,10818.0,10978.0,10949.07142857143,116.99988553106778,10894.75,146.66879369076236,282.0,287.0,332.0,341.2857142857143,53.40322801015648,372.57142857142856,75.61920216627296,-266.2857142857143
2023-10-11,65.0,83.0,65.0,10960.0,266.0,True,-201.0,2,10,0,0,10910.0,10963.0,11017.0,10962.214285714286,104.30049022848485,10889.892857142857,144.81401064836962,257.0,330.0,331.0,337.0,59.35767291036038,367.2142857142857,81.16761249834352,-271.7142857142857
2023-10-12,38.0,80.0,82.0,10992.0,398.0,True,-316.0,3,10,0,0,10960.0,11130.0,10984.0,10961.785714285714,104.30288712160491,10885.82142857143,141.73403698655352,266.0,427.0,447.0,327.85714285714283,65.25189287529915,362.57142857142856,85.15932062968696,-266.7142857142857
2023-10-13,44.0,80.66666666666667,77.0,10851.666666666666,410.0,False,-333.0,4,10,0,0,10992.0,11051.25,10855.333333333334,10942.07142857143,76.56243561705772,10886.392857142857,142.17574980956599,398.0,391.0,462.0,323.7142857142857,58.4771017456527,359.07142857142856,82.38415109502733,-258.42857142857144
2023-10-14,50.0,81.33333333333333,73.0,10711.333333333334,422.0,False,-349.0,5,10,0,0,10851.666666666666,10972.5,10726.666666666666,10913.559523809525,65.48969233080675,10886.13095238095,142.24072872561285,410.0,354.0,478.0,326.42857142857144,62.428244523498385,355.35714285714283,78.46567808515125,-258.14285714285717
2023-10-15,56.0,82.0,68.0,10571.0,434.0,True,-366.0,6,10,0,0,10711.333333333334,10893.75,10598.0,10876.25,94.34939252780502,10885.035714285714,143.6154264706935,422.0,318.0,493.0,336.14285714285717,71.99173232954963,351.35714285714283,72.96743967515378,-265.7142857142857
2023-10-16,74.0,103.0,80.0,10629.0,331.0,True,-251.0,0,10,0,0,10571.0,10815.0,10724.0,10830.142857142857,147.98709367432753,10883.107142857143,147.8842937797413,434.0,282.0,284.0,352.7142857142857,80.02231831540146,347.14285714285717,65.47678055012136,-281.2857142857143
2023-10-17,68.0,107.0,102.0,10630.0,315.0,True,-213.0,1,10,0,0,10629.0,10910.0,10818.0,10803.57142857143,166.67730124799934,10876.32142857143,157.60653315071642,331.0,257.0,287.0,359.7142857142857,74.77681076758651,350.5,63.153963271698416,-286.0
2023-10-18,92.0,124.0,93.0,10511.0,393.0,True,-300.0,2,10,0,0,10630.0,10960.0,10963.0,10763.57142857143,170.43470719892082,10862.892857142857,170.444201676662,315.0,266.0,330.0,368.0,63.92443455622703,352.5,61.407528979633824,-289.85714285714283
2023-10-19,113.0,162.0,107.0,10319.0,406.0,True,-299.0,3,10,0,0,10511.0,10992.0,11130.0,10699.42857142857,168.6692703230598,10830.607142857143,191.5282538923205,393.0,398.0,427.0,386.14285714285717,45.524457058555036,357.0,61.93793419470526,-304.0
2023-10-20,111.0,173.33333333333334,115.0,10048.0,422.0,False,-307.0,4,10,0,0,10319.0,10851.666666666666,11051.25,10603.285714285714,165.89135540747714,10772.67857142857,215.19323173393923,406.0,410.0,391.0,387.2857142857143,45.969969493552284,355.5,60.34611707602897,-301.57142857142856
2023-10-21,108.0,184.66666666666666,123.0,9777.0,438.0,False,-315.0,5,10,0,0,10048.0,10711.333333333334,10972.5,10488.476190476193,230.75968397017914,10701.017857142857,274.23586567006913,422.0,422.0,354.0,389.0,47.16637220167246,357.7142857142857,62.28647040573371,-297.85714285714283
2023-10-22,106.0,196.0,131.0,9506.0,454.0,True,-323.0,6,10,0,0,9777.0,10571.0,10893.75,10355.0,329.474834648488,10615.625,356.87622460755654,438.0,434.0,318.0,391.2857142857143,49.36839166144802,363.7142857142857,65.84530655714447,-293.0
2023-10-23,86.0,152.0,168.0,9436.0,327.0,True,-159.0,0,10,0,0,9506.0,10629.0,10815.0,10202.857142857143,440.34737369920526,10516.5,453.3670377741909,454.0,331.0,282.0,394.14285714285717,52.71757635877141,373.42857142857144,68.55846947142024,-286.85714285714283
2023-10-24,84.0,118.0,136.0,9396.0,300.0,True,-164.0,1,10,0,0,9436.0,10630.0,10910.0,10032.42857142857,477.2465670010206,10418.0,527.2999600447768,327.0,315.0,257.0,393.57142857142856,53.5314771664213,376.64285714285717,64.89945732006917,-273.7142857142857
2023-10-25,59.0,64.0,117.0,9351.0,293.0,True,-176.0,2,10,0,0,9396.0,10511.0,10960.0,9856.142857142857,446.6540154569073,10309.857142857143,571.9924647505043,300.0,393.0,266.0,391.42857142857144,57.363917645320235,379.7142857142857,59.6030827434906,-266.7142857142857
2023-10-26,62.0,97.0,52.0,9235.0,390.0,True,-338.0,3,10,0,0,9351.0,10319.0,10992.0,9690.42857142857,372.17865653596755,10194.92857142857,592.5876209663576,293.0,406.0,398.0,377.14285714285717,68.31405070561654,381.64285714285717,55.96648329801655,-249.0
2023-10-27,72.0,89.66666666666667,67.0,9131.666666666666,399.0,False,-332.0,4,10,0,0,9235.0,10048.0,10851.666666666666,9535.57142857143,281.5284811777431,10069.42857142857,596.8325142458567,390.0,422.0,410.0,374.85714285714283,67.44980496989011,381.07142857142856,55.827294517885484,-254.57142857142858
2023-10-28,81.0,82.33333333333333,82.0,9028.333333333334,409.0,False,-327.0,5,10,0,0,9131.666666666666,9777.0,10711.333333333334,9404.666666666668,206.62096268815486,9946.57142857143,600.4424213387025,399.0,438.0,422.0,371.57142857142856,65.29639383319011,380.2857142857143,55.46506672107716,-258.14285714285717
2023-10-29,91.0,75.0,97.0,8925.0,418.0,True,-321.0,6,10,0,0,9028.333333333334,9506.0,10571.0,9297.714285714286,172.76010219378716,9826.357142857143,604.0175814541518,409.0,454.0,434.0,367.42857142857144,61.16877510314445,379.35714285714283,54.818030642448285,-259.85714285714283
2023-10-30,29.0,51.0,11.0,9026.0,278.0,True,-267.0,0,10,0,0,8925.0,9436.0,10629.0,9214.714285714286,194.24482724130834,9708.785714285714,608.1063448261436,418.0,327.0,331.0,362.2857142857143,53.73922926414907,378.2142857142857,53.74752741565533,-259.57142857142856
2023-10-31,33.0,53.0,34.0,9072.0,295.0,True,-261.0,1,10,0,1,9026.0,9396.0,10630.0,9156.142857142857,177.49072559406883,9594.285714285714,571.3123721903931,278.0,300.0,315.0,355.2857142857143,61.702820804547535,374.42857142857144,58.94419040429265,-275.0
2023-11-01,132.0,235.0,197.0,9250.0,279.0,True,-82.0,2,11,1,0,9072.0,9351.0,10511.0,9109.857142857143,143.5094340867799,9483.0,501.52589387010875,295.0,293.0,393.0,354.57142857142856,62.47361347763061,373.0,60.711169926514174,-288.85714285714283
2023-11-02,174.0,208.0,256.0,9442.0,330.0,True,-74.0,3,11,0,0,9250.0,9235.0,10319.0,9095.42857142857,118.04137916729456,9392.92857142857,407.03352890245355,279.0,390.0,406.0,352.57142857142856,64.94833111239826,364.85714285714283,65.29443037015159,-275.42857142857144
2023-11-03,157.0,215.33333333333334,226.0,9385.666666666666,343.0,False,-117.0,4,11,0,0,9442.0,9131.666666666666,10048.0,9125.0,172.29475175243164,9330.285714285714,309.29867890384645,330.0,399.0,422.0,344.0,63.118935352238,359.42857142857144,64.76788649384095,-237.71428571428572
2023-11-04,140.0,222.66666666666666,197.0,9329.333333333334,357.0,False,-160.0,5,11,0,0,9385.666666666666,9028.333333333334,9777.0,9161.285714285714,198.66176621194333,9282.97619047619,232.0928735519352,343.0,409.0,438.0,336.0,58.3552339840509,353.7857142857143,62.29110144058517,-207.0
2023-11-05,123.0,230.0,167.0,9273.0,370.0,True,-203.0,6,11,0,0,9329.333333333334,8925.0,9506.0,9204.285714285714,197.66117929146958,9251.0,184.81739659854324,357.0,418.0,454.0,328.57142857142856,50.26216981274987,348.0,57.44026998008085,-183.14285714285714
2023-11-06,123.0,233.0,159.0,9286.0,316.0,True,-157.0,0,11,0,0,9273.0,9026.0,9436.0,9254.0,154.83336323391163,9234.357142857143,169.98378325293257,370.0,278.0,327.0,321.7142857142857,37.74349518223524,342.0,49.33090777127899,-166.28571428571428
2023-11-07,141.0,232.0,188.0,9483.0,231.0,True,-43.0,1,11,0,0,9286.0,9072.0,9396.0,9291.142857142857,117.7731430652522,9223.642857142857,160.77416683916059,316.0,295.0,300.0,327.14285714285717,32.81985461794196,341.2142857142857,49.67460049226271,-150.57142857142858
2023-11-08,158.0,226.0,191.0,9634.0,310.0,True,-119.0,2,11,0,0,9483.0,9250.0,9351.0,9349.857142857143,89.32812114597579,9229.857142857143,169.3986707323971,231.0,279.0,293.0,318.0,48.45616575834272,336.2857142857143,56.96615536564529,-119.42857142857143
2023-11-09,142.0,209.5,202.0,9594.75,311.0,False,-109.0,3,11,0,0,9634.0,9442.0,9235.0,9404.714285714286,127.52623964855344,9250.07142857143,199.22581692496408,310.0,330.0,390.0,322.42857142857144,45.63206892401112,337.5,56.14781316379919,-124.71428571428571
2023-11-10,127.0,193.0,212.0,9555.5,312.0,False,-100.0,4,11,0,0,9594.75,9385.666666666666,9131.666666666666,9426.535714285714,146.6104679035605,9275.767857142857,219.31956297511343,311.0,343.0,399.0,319.7142857142857,45.67170636077382,331.85714285714283,54.40850773808911,-129.71428571428572
2023-11-11,112.0,176.5,222.0,9516.25,312.0,False,-90.0,5,11,0,0,9555.5,9329.333333333334,9028.333333333334,9450.79761904762,152.6481813251133,9306.041666666666,227.01538209393934,312.0,357.0,409.0,315.2857142857143,44.52607582722075,325.64285714285717,51.01222650254789,-127.28571428571429
2023-11-12,96.0,160.0,233.0,9477.0,313.0,True,-80.0,6,11,0,0,9516.25,9273.0,8925.0,9477.5,143.96071512729003,9340.892857142857,218.3907818052892,312.0,370.0,418.0,308.85714285714283,40.572686097211225,318.7142857142857,45.059667401941994,-117.28571428571429
2023-11-13,141.0,173.0,129.0,9510.0,287.0,True,-158.0,0,11,0,0,9477.0,9286.0,9026.0,9506.642857142857,112.97712315820623,9380.32142857143,184.77067924103972,313.0,316.0,278.0,300.7142857142857,30.798886807341006,311.2142857142857,34.84289701685971,-99.71428571428571
2023-11-14,116.0,181.0,182.0,9665.0,247.0,True,-65.0,1,11,0,0,9510.0,9483.0,9072.0,9538.642857142857,58.7976503819566,9414.892857142857,156.49107531884206,287.0,231.0,295.0,296.57142857142856,30.34719725036159,311.85714285714283,34.26111755071911,-99.85714285714286
2023-11-15,150.0,157.0,201.0,9762.0,316.0,True,-115.0,2,11,0,0,9665.0,9634.0,9250.0,9564.642857142857,69.3793703039522,9457.25,135.369358600289,247.0,310.0,279.0,298.85714285714283,24.653793294531738,308.42857142857144,38.2476028121913,-103.0
2023-11-16,80.0,176.0,125.0,9762.0,374.0,True,-249.0,3,11,0,0,9762.0,9594.75,9442.0,9582.92857142857,100.56493696902032,9493.82142857143,143.96010419384086,316.0,311.0,330.0,299.7142857142857,25.203930154602276,311.07142857142856,37.32490256716514,-102.42857142857143
2023-11-17,92.0,180.0,138.0,9699.0,394.0,False,-256.0,4,11,0,0,9762.0,9555.5,9385.666666666666,9606.82142857143,121.52543580495316,9516.67857142857,159.648327653559,374.0,312.0,343.0,308.7142857142857,37.93729161706295,314.2142857142857,40.73777036198654,-122.42857142857143
2023-11-18,104.0,184.0,151.0,9636.0,415.0,False,-264.0,5,11,0,0,9699.0,9516.25,9329.333333333334,9627.32142857143,123.51237406666775,9539.059523809523,161.81730831351308,394.0,312.0,357.0,320.42857142857144,49.896082487696695,317.85714285714283,45.51053494751299,-144.71428571428572
2023-11-19,116.0,188.0,164.0,9573.0,435.0,True,-271.0,6,11,0,0,9636.0,9477.0,9273.0,9644.42857142857,113.44728165210337,9560.964285714286,151.6823241927565,415.0,313.0,370.0,335.14285714285717,60.95744026621784,322.0,51.582644666294826,-169.57142857142858
2023-11-20,105.0,185.0,158.0,9638.0,298.0,True,-140.0,0,11,0,0,9573.0,9510.0,9286.0,9658.142857142857,93.96351875653261,9582.392857142857,127.06470619502616,435.0,287.0,316.0,352.57142857142856,70.29665033000539,326.64285714285717,58.67328987754941,-196.85714285714286
2023-11-21,136.0,246.0,123.0,9804.0,250.0,True,-127.0,1,11,0,0,9638.0,9665.0,9483.0,9676.42857142857,69.6344195130493,9607.535714285714,94.57754536834071,298.0,247.0,231.0,354.14285714285717,68.69116530148685,325.35714285714283,59.11996557568626,-194.28571428571428
2023-11-22,132.0,237.0,150.0,9821.0,266.0,False,-116.0,2,11,0,0,9804.0,9762.0,9634.0,9696.285714285714,84.14018914014282,9630.464285714286,100.77120206102174,250.0,316.0,310.0,354.57142857142856,67.91626497105865,326.7142857142857,56.966155365645434,-203.14285714285714
2023-11-23,128.0,228.0,177.0,9838.0,283.0,True,-106.0,3,11,0,0,9821.0,9762.0,9594.75,9704.714285714286,94.17663242655237,9643.82142857143,112.93511703331494,266.0,374.0,311.0,347.42857142857144,74.91741484874558,323.57142857142856,59.131814013874376,-203.28571428571428
2023-11-24,115.0,217.33333333333334,186.0,9840.333333333334,293.0,False,-107.0,4,11,0,0,9838.0,9699.0,9555.5,9715.57142857143,105.5728139607317,9661.19642857143,123.06260830639978,283.0,394.0,312.0,334.42857142857144,77.39262915561817,321.57142857142856,60.056017806088995,-182.85714285714286
2023-11-25,103.0,206.66666666666666,196.0,9842.666666666666,302.0,False,-106.0,5,11,0,0,9840.333333333334,9636.0,9516.25,9735.761904761905,114.97177017197222,9681.541666666668,127.70174565762346,293.0,415.0,312.0,320.0,73.76539387364049,320.2142857142857,60.50197526518466,-161.57142857142858
2023-11-26,90.0,196.0,205.0,9845.0,312.0,True,-107.0,6,11,0,0,9842.666666666666,9573.0,9477.0,9765.285714285714,111.56885078541502,9704.857142857143,124.97074627157487,302.0,435.0,313.0,303.85714285714283,60.721848268500814,319.5,60.66522258072773,-139.0
2023-11-27,56.0,82.0,68.0,10123.0,214.0,True,-146.0,0,11,0,0,9845.0,9638.0,9510.0,9804.142857142857,74.71844859750172,9731.142857142857,111.31311917558112,312.0,298.0,287.0,286.2857142857143,21.71569544296012,319.42857142857144,60.674052603569066,-115.57142857142857
2023-11-28,74.0,103.0,80.0,10223.0,223.0,True,-143.0,1,11,0,0,10123.0,9804.0,9665.0,9873.42857142857,111.02547493539129,9774.92857142857,135.55729722249188,214.0,250.0,247.0,274.2857142857143,33.934811456252326,314.2142857142857,66.52955222065856,-116.42857142857143
2023-11-29,68.0,107.0,102.0,10398.0,284.0,True,-182.0,2,11,0,0,10223.0,9821.0,9762.0,9933.285714285714,166.46303433170027,9814.785714285714,176.57610679139816,223.0,266.0,316.0,270.42857142857144,38.396428405330596,312.5,68.66949832349162,-118.71428571428571
2023-11-30,92.0,124.0,93.0,10536.0,320.0,True,-227.0,3,11,0,1,10398.0,9838.0,9762.0,10015.714285714286,231.67853115668535,9860.214285714286,234.3220301151793,284.0,283.0,374.0,273.0,38.65229618017493,310.2142857142857,69.07540870608085,-128.14285714285714
2023-12-01,105.0,161.0,128.0,10550.333333333334,352.0,False,-224.0,4,12,1,0,10536.0,9840.333333333334,9699.0,10115.42857142857,286.2294931541873,9915.5,293.2625133040125,320.0,293.0,394.0,278.2857142857143,42.57821933694184,306.35714285714283,66.70671416196231,-145.42857142857142
2023-12-02,119.0,198.0,162.0,10564.666666666666,385.0,False,-223.0,5,12,0,0,10550.333333333334,9842.666666666666,9636.0,10216.857142857143,298.05324264251584,9976.309523809525,330.7810871174635,352.0,302.0,415.0,286.7142857142857,50.985992474123684,303.35714285714283,63.320439211822084,-162.14285714285714
2023-12-03,132.0,235.0,197.0,10579.0,417.0,True,-220.0,6,12,0,0,10564.666666666666,9845.0,9573.0,10320.0,270.64682466951115,10042.642857142857,349.8528986181661,385.0,312.0,435.0,298.57142857142856,63.297859739639065,301.2142857142857,59.65307210017811,-178.85714285714286
2023-12-04,174.0,208.0,256.0,10635.0,273.0,True,-17.0,0,12,0,0,10579.0,10123.0,9638.0,10424.857142857143,184.38595362491154,10114.5,349.2836564306345,417.0,214.0,298.0,313.57142857142856,77.79215286659075,299.92857142857144,56.666995258689965,-195.0
2023-12-05,123.0,230.0,167.0,10761.0,261.0,True,-94.0,1,12,0,0,10635.0,10223.0,9804.0,10498.0,141.17496368110173,10185.714285714286,346.2830435870719,273.0,223.0,250.0,322.0,67.75445864787531,298.14285714285717,57.124502546707866,-176.57142857142858
2023-12-06,123.0,233.0,159.0,10832.0,376.0,True,-217.0,2,12,0,0,10761.0,10398.0,9821.0,10574.857142857143,109.37479856364756,10254.07142857143,359.3461340798348,261.0,284.0,266.0,327.42857142857144,59.52270475165222,298.92857142857144,56.48344112108576,-169.57142857142858
2023-12-07,141.0,232.0,188.0,10897.0,466.0,True,-278.0,3,12,0,0,10832.0,10536.0,9838.0,10636.857142857143,115.26280070997178,10326.285714285714,367.12262692321275,376.0,320.0,283.0,340.57142857142856,58.48320882343664,306.7857142857143,59.13892193735116,-174.57142857142858
2023-12-08,147.0,230.0,189.0,10888.333333333334,448.0,False,-259.0,4,12,0,0,10897.0,10550.333333333334,9840.333333333334,10688.42857142857,140.59275497449207,10401.92857142857,367.87470411034485,466.0,352.0,293.0,361.42857142857144,73.92080704568708,319.85714285714283,72.24835067891983,-181.85714285714286
2023-12-09,152.0,228.0,190.0,10879.666666666666,429.0,False,-239.0,5,12,0,0,10888.333333333334,10564.666666666666,9842.666666666666,10736.714285714286,143.27652990340127,10476.785714285714,351.0493575042205,448.0,385.0,302.0,375.14285714285717,80.49312304254848,330.92857142857144,79.34390993615087,-186.85714285714286
2023-12-10,158.0,226.0,191.0,10871.0,411.0,True,-220.0,6,12,0,0,10879.666666666666,10579.0,9845.0,10781.714285714286,128.98900736559486,10550.857142857143,314.4540436110158,429.0,417.0,312.0,381.42857142857144,83.067958409279,340.0,82.95967509765,-189.14285714285714
2023-12-11,96.0,160.0,233.0,10998.0,304.0,True,-71.0,0,12,0,0,10871.0,10635.0,10123.0,10823.42857142857,95.33036403411543,10624.142857142857,250.31111288879046,411.0,273.0,214.0,380.57142857142856,82.66973880620228,347.07142857142856,84.5926567877941,-189.14285714285714
2023-12-12,141.0,173.0,129.0,11077.0,259.0,True,-130.0,1,12,0,0,10998.0,10761.0,10223.0,10875.285714285714,71.49939874687134,10686.642857142857,223.34192345837164,304.0,261.0,223.0,385.0,76.5506368360185,353.5,76.75911371597167,-196.85714285714286
2023-12-13,116.0,181.0,182.0,11192.0,335.0,True,-153.0,2,12,0,0,11077.0,10832.0,10398.0,10920.42857142857,85.66919890026384,10747.642857142857,202.63286089019587,259.0,376.0,284.0,384.7142857142857,77.09239972421463,356.07142857142856,72.53801580043158,-202.0
2023-12-14,150.0,157.0,201.0,11242.0,396.0,True,-195.0,3,12,0,0,11192.0,10897.0,10536.0,10971.857142857143,123.45877361723407,10804.357142857143,208.28105864304464,335.0,466.0,320.0,378.85714285714283,79.38813633330977,359.7142857142857,69.87178210168861,-192.85714285714286
2023-12-15,127.0,163.33333333333334,176.0,11192.0,416.0,False,-240.0,4,12,0,0,11242.0,10888.333333333334,10550.333333333334,11021.142857142857,153.743516231003,10854.785714285714,223.23946006995146,396.0,448.0,352.0,368.85714285714283,70.49214748567988,365.14285714285717,69.50025693683169,-181.0
2023-12-16,103.0,169.66666666666666,150.0,11142.0,436.0,False,-286.0,5,12,0,0,11192.0,10879.666666666666,10564.666666666666,11064.523809523811,152.86315074977335,10900.619047619048,221.7896846668711,416.0,429.0,385.0,364.2857142857143,65.35470981679958,369.7142857142857,70.66435133396787,-178.28571428571428
2023-12-17,80.0,176.0,125.0,11092.0,456.0,True,-331.0,6,12,0,0,11142.0,10871.0,10579.0,11102.0,130.5130900203985,10941.857142857143,207.74823332412083,436.0,411.0,417.0,365.2857142857143,66.55252132893298,373.35714285714283,72.79540047056697,-185.0
2023-12-18,116.0,188.0,164.0,11149.0,364.0,True,-200.0,0,12,0,0,11092.0,10998.0,10635.0,11133.57142857143,83.62985340749536,10978.5,182.5357826996558,456.0,304.0,273.0,371.7142857142857,73.51352321333866,376.14285714285717,75.29721329285843,-200.85714285714286
2023-12-19,105.0,185.0,158.0,11291.0,272.0,True,-114.0,1,12,0,0,11149.0,11077.0,10761.0,11155.142857142857,58.5446512542647,11015.214285714286,158.20092207694262,364.0,259.0,261.0,380.2857142857143,67.55914516361264,382.64285714285717,69.40583786447797,-219.28571428571428
2023-12-20,136.0,246.0,123.0,11516.0,390.0,True,-267.0,2,12,0,0,11291.0,11192.0,10832.0,11185.714285714286,66.29910579019466,11053.07142857143,156.0883586371446,272.0,335.0,376.0,382.14285714285717,63.74017197819217,383.42857142857144,67.97025852500428,-217.0
2023-12-21,128.0,228.0,177.0,11375.0,497.0,True,-320.0,3,12,0,0,11516.0,11242.0,10897.0,11232.0,141.67215675639662,11101.92857142857,185.7911325462166,390.0,396.0,466.0,390.0,60.25501362265765,384.42857142857144,67.95554461525501,-233.28571428571428
2023-12-22,118.0,220.0,184.0,11317.25,460.0,False,-276.0,4,12,0,0,11375.0,11192.0,10888.333333333334,11251.0,151.79371967687842,11136.07142857143,189.12561640073704,497.0,416.0,448.0,404.42857142857144,72.73205882520017,386.64285714285717,71.2434689507167,-251.14285714285714
2023-12-23,109.0,212.0,191.0,11259.5,422.0,False,-231.0,5,12,0,0,11317.25,11142.0,10879.666666666666,11268.892857142857,151.06013269716792,11166.708333333332,180.4484405311668,460.0,436.0,429.0,410.7142857142857,75.73795676698766,387.5,72.10542495327361,-256.2857142857143
2023-12-24,100.0,204.0,198.0,11201.75,384.0,False,-186.0,6,12,0,0,11259.5,11092.0,10871.0,11285.67857142857,140.78890183875484,11193.839285714286,161.53433807191564,422.0,456.0,411.0,408.7142857142857,75.14145390686882,387.0,71.81921748390096,-248.42857142857142
2023-12-25,90.0,196.0,205.0,11144.0,347.0,True,-142.0,0,12,0,0,11201.75,11149.0,10998.0,11301.357142857143,120.2365599855276,11217.464285714286,132.21103676212468,384.0,364.0,304.0,398.42857142857144,72.4703551871548,385.07142857142856,71.48691573203442,-227.71428571428572
2023-12-26,56.0,82.0,68.0,11217.0,288.0,True,-220.0,1,12,0,0,11144.0,11291.0,11077.0,11300.642857142857,121.3026395308583,11227.892857142857,118.62893481685452,347.0,272.0,259.0,396.0,74.08328646417709,388.14285714285717,68.60125267173866,-219.42857142857142
2023-12-27,74.0,103.0,80.0,11206.0,335.0,True,-255.0,2,12,0,0,11217.0,11516.0,11192.0,11290.07142857143,125.43712853177061,11237.892857142857,110.55688208239785,288.0,390.0,335.0,398.2857142857143,69.73931049681681,390.2142857142857,64.7304215383102,-234.57142857142858
2023-12-28,68.0,107.0,102.0,11230.0,357.0,True,-255.0,3,12,0,0,11206.0,11375.0,11242.0,11245.785714285714,78.21184221020472,11238.892857142857,110.1724921290929,335.0,497.0,396.0,390.42857142857144,73.80798769522877,390.2142857142857,64.7304215383102,-232.85714285714286
2023-12-29,74.0,111.25,100.0,11140.0,340.0,False,-240.0,4,12,0,0,11230.0,11317.25,11192.0,11225.07142857143,53.62188496899179,11238.035714285714,110.19313713877335,357.0,460.0,416.0,370.42857142857144,57.2213746277185,387.42857142857144,65.29897429482264,-223.57142857142858
2023-12-30,80.0,115.5,98.0,11050.0,324.0,False,-226.0,5,12,0,0,11140.0,11259.5,11142.0,11199.75,43.787127103843254,11234.32142857143,112.71182743578063,340.0,422.0,436.0,353.2857142857143,41.815923146230055,382.0,65.89735608096439,-218.42857142857142
2023-12-31,86.0,119.75,95.0,10960.0,307.0,False,-212.0,6,12,0,1,11050.0,11201.75,11092.0,11169.82142857143,63.36250111561544,11227.75,120.89346867878386,324.0,384.0,456.0,339.2857142857143,29.59568823164532,374.0,65.63535632568694,-217.71428571428572
2024-01-01,92.0,124.0,93.0,10870.0,290.0,True,-197.0,0,1,1,0,10960.0,11144.0,11149.0,11135.285714285714,98.94900081310097,11218.32142857143,136.442557248569,307.0,347.0,364.0,328.2857142857143,23.98412173163906,363.35714285714283,63.356873396604115,-221.42857142857142
2024-01-02,113.0,162.0,107.0,10770.0,316.0,True,-209.0,1,1,0,0,10870.0,11217.0,11291.0,11096.142857142857,140.42842610080032,11198.392857142857,164.77903952897046,290.0,288.0,272.0,320.14285714285717,26.149751888106092,358.07142857142856,66.31679713630257,-229.28571428571428
2024-01-03,106.0,196.0,131.0,10718.0,263.0,True,-132.0,2,1,0,0,10770.0,11206.0,11516.0,11032.285714285714,173.9441618122741,11161.17857142857,197.78259792993734,316.0,335.0,390.0,324.14285714285717,22.2667807239733,361.2142857142857,62.87738809831284,-227.71428571428572
2024-01-04,86.0,152.0,168.0,10558.0,362.0,True,-194.0,3,1,0,0,10718.0,11230.0,11375.0,10962.57142857143,189.78835329814106,11104.17857142857,202.59023223680623,263.0,357.0,497.0,313.85714285714283,31.237950057734377,352.14285714285717,67.40332922941366,-210.14285714285714
2024-01-05,85.0,140.66666666666666,157.0,10262.0,364.0,False,-207.0,4,1,0,0,10558.0,11140.0,11317.25,10866.57142857143,201.5629406602734,11045.82142857143,233.83844333723272,362.0,340.0,460.0,314.57142857142856,32.423536424728525,342.5,53.258079921482654,-201.42857142857142
2024-01-06,85.0,129.33333333333334,147.0,9966.0,365.0,False,-218.0,5,1,0,0,10262.0,11050.0,11259.5,10741.142857142857,265.9520185869434,10970.44642857143,300.2573924435464,364.0,324.0,422.0,318.0,36.565010597564225,335.64285714285717,41.9442984900707,-196.71428571428572
2024-01-07,84.0,118.0,136.0,9670.0,367.0,True,-231.0,6,1,0,0,9966.0,10960.0,11201.75,10586.285714285714,356.36391244797284,10878.05357142857,390.05512651034417,365.0,307.0,384.0,323.85714285714283,40.73257734471073,331.57142857142856,35.129900229147665,-195.57142857142858
2024-01-08,59.0,64.0,117.0,9670.0,367.0,True,-250.0,0,1,0,0,9670.0,10870.0,11144.0,10402.0,451.6931111569538,10768.642857142857,493.40911518234606,367.0,290.0,347.0,332.42857142857144,42.851904441759636,330.35714285714283,33.431001602283025,-198.28571428571428
2024-01-09,62.0,97.0,52.0,9311.0,286.0,True,-234.0,1,1,0,0,9670.0,10770.0,11217.0,10230.57142857143,471.7424640425405,10663.357142857143,559.9323595334716,367.0,316.0,288.0,343.42857142857144,39.928507538921366,331.7857142857143,34.60364269715064,-205.85714285714286
2024-01-10,91.0,75.0,97.0,9144.0,349.0,True,-252.0,2,1,0,0,9311.0,10718.0,11206.0,10022.142857142857,514.0974060011491,10527.214285714286,640.8333731071515,286.0,263.0,335.0,339.14285714285717,44.68940430507933,331.64285714285717,34.80187250235695,-209.42857142857142
2024-01-11,29.0,51.0,11.0,8829.0,476.0,True,-465.0,3,1,0,0,9144.0,10558.0,11230.0,9797.285714285714,503.1185129720401,10379.92857142857,706.4268119623734,349.0,362.0,357.0,351.42857142857144,29.51190236078263,332.64285714285717,35.10557076734512,-226.57142857142858
2024-01-12,30.0,51.5,17.0,8630.0,416.0,False,-399.0,4,1,0,0,8829.0,10262.0,11140.0,9550.285714285714,491.69730332307813,10208.42857142857,772.5328685350673,476.0,364.0,340.0,367.7142857142857,55.93959327022394,341.14285714285717,51.8635148811198,-265.2857142857143
2024-01-13,31.0,52.0,22.0,8431.0,355.0,False,-333.0,5,1,0,0,8630.0,9966.0,11050.0,9317.142857142857,484.85338972079893,10029.142857142857,828.905474535111,416.0,365.0,324.0,375.14285714285717,58.74642846286782,346.57142857142856,55.57906950492168,-292.7142857142857
2024-01-14,32.0,52.5,28.0,8232.0,294.0,False,-266.0,6,1,0,0,8431.0,9670.0,10960.0,9097.857142857143,489.5792168012644,9842.07142857143,875.0414024741644,355.0,367.0,307.0,373.7142857142857,59.154358210009214,348.7857142857143,55.227053809952736,-309.14285714285717
2024-01-15,33.0,53.0,34.0,8033.0,234.0,True,-200.0,0,1,0,0,8232.0,9670.0,10870.0,8892.42857142857,510.73178125203196,9647.214285714286,909.9899558677677,294.0,367.0,290.0,363.2857142857143,66.51244065514925,347.85714285714283,56.08627576930272,-314.14285714285717
2024-01-16,32.0,49.0,39.0,8133.0,188.0,True,-149.0,1,1,0,0,8033.0,9311.0,10770.0,8658.57142857143,468.37622240480584,9444.57142857143,932.3521713540324,234.0,286.0,316.0,344.2857142857143,82.37862644665836,343.85714285714283,62.19430736113894,-307.0
2024-01-17,80.0,176.0,125.0,8072.0,353.0,True,-228.0,2,1,0,0,8133.0,9144.0,10718.0,8490.285714285714,401.78340528424945,9256.214285714286,910.0891062520715,188.0,349.0,263.0,330.2857142857143,100.31070777956896,334.7142857142857,74.74616385466871,-294.85714285714283
2024-01-18,116.0,188.0,164.0,8042.0,359.0,True,-195.0,3,1,0,0,8072.0,8829.0,10558.0,8337.142857142857,303.3234953923589,9067.214285714286,856.3275953450694,353.0,476.0,362.0,330.85714285714283,100.44638465607497,341.14285714285717,71.92074392408192,-291.42857142857144
2024-01-19,112.0,187.0,162.0,8019.333333333333,363.0,False,-201.0,4,1,0,0,8042.0,8630.0,10262.0,8224.714285714286,226.83894013549533,8887.5,780.0059911012668,359.0,416.0,364.0,314.14285714285717,79.90291728389,340.92857142857144,71.85826250411186,-252.85714285714286
2024-01-20,109.0,186.0,160.0,7996.666666666667,367.0,False,-207.0,5,1,0,0,8019.333333333333,8431.0,9966.0,8137.476190476191,149.10111621657492,8727.309523809523,702.4424843600875,363.0,355.0,365.0,306.57142857142856,70.61363688612626,340.85714285714283,71.83405785650584,-224.57142857142858
2024-01-21,105.0,185.0,158.0,7974.0,371.0,True,-213.0,6,1,0,0,7996.666666666667,8232.0,9670.0,8075.428571428572,81.76042560829644,8586.642857142857,628.6123975854107,367.0,294.0,367.0,308.2857142857143,72.11498754469424,341.0,71.88773298585868,-206.57142857142858
2024-01-22,136.0,246.0,123.0,8008.0,222.0,True,-99.0,0,1,0,0,7974.0,8033.0,9670.0,8038.571428571428,52.23760327243139,8465.5,563.8607567400734,371.0,234.0,367.0,319.2857142857143,75.37177695865172,341.2857142857143,72.00686780432106,-199.0
2024-01-23,128.0,228.0,177.0,8133.0,202.0,True,-25.0,1,1,0,0,8008.0,8133.0,9311.0,8035.0,53.52085090282148,8346.785714285714,455.2589496465167,222.0,188.0,286.0,317.57142857142856,77.73428489166815,330.92857142857144,78.18662514553453,-184.57142857142858
2024-01-24,90.0,196.0,205.0,8212.0,243.0,True,-38.0,2,1,0,0,8133.0,8072.0,9144.0,8035.0,53.52085090282148,8262.642857142857,362.81634506212765,202.0,353.0,349.0,319.57142857142856,73.93207951188958,324.92857142857144,84.83963540859739,-166.85714285714286
2024-01-25,102.0,189.0,155.0,8180.0,293.0,True,-138.0,3,1,0,0,8212.0,8042.0,8829.0,8055.0,85.97178693053726,8196.07142857143,259.43634426918504,243.0,359.0,476.0,303.85714285714283,77.25807092990027,317.35714285714283,87.22262157425519,-139.71428571428572
2024-01-26,108.0,211.66666666666666,145.0,8121.333333333333,298.0,False,-153.0,4,1,0,0,8180.0,8019.333333333333,8630.0,8074.714285714285,97.53829799930936,8149.714285714285,184.92571191038436,293.0,363.0,416.0,294.42857142857144,73.33452379986085,304.2857142857143,74.38716656420374,-131.57142857142858
2024-01-27,114.0,234.33333333333334,136.0,8062.666666666667,302.0,False,-166.0,5,1,0,0,8121.333333333333,7996.666666666667,8431.0,8089.285714285715,95.48325984137792,8113.380952380952,122.85617031180416,298.0,367.0,355.0,285.14285714285717,67.05079808480656,295.85714285714283,67.08187551029026,-124.71428571428571
2024-01-28,120.0,257.0,126.0,8004.0,307.0,True,-181.0,6,1,0,0,8062.666666666667,7974.0,8232.0,8098.714285714285,87.75944152399342,8087.071428571428,82.37657730475088,302.0,371.0,294.0,275.85714285714283,57.66983200781407,292.07142857142856,64.94905019227907,-118.85714285714286
2024-01-29,137.0,272.0,166.0,8057.0,195.0,True,-29.0,0,1,0,0,8004.0,8008.0,8033.0,8103.0,81.13660177769343,8070.785714285715,73.58936739733888,307.0,222.0,234.0,266.7142857142857,43.373241696212496,293.0,65.07155824404204,-114.28571428571429
2024-01-30,93.0,198.0,208.0,8182.0,187.0,True,21.0,1,1,0,0,8057.0,8133.0,8133.0,8110.0,73.31085514005181,8072.5,72.91790841464702,195.0,202.0,188.0,262.85714285714283,48.865217934738546,290.2142857142857,68.53430199141609,-104.28571428571429
2024-01-31,203.0,477.0,258.0,8153.0,266.0,True,-8.0,2,1,0,1,8182.0,8212.0,8072.0,8117.0,78.05861994701581,8076.0,77.10122107102893,187.0,243.0,353.0,260.7142857142857,52.19423431029584,290.14285714285717,68.64945194790212,-97.71428571428571
2024-02-01,222.0,459.0,289.0,8026.0,337.0,True,-48.0,3,2,1,0,8153.0,8180.0,8042.0,8108.571428571428,68.71754163955987,8081.785714285715,79.77089064276655,266.0,293.0,359.0,264.0,51.61395160225547,283.92857142857144,66.42342529990087,-93.42857142857143
2024-02-02,232.0,483.0,275.0,7955.0,339.0,False,-64.0,4,2,0,0,8026.0,8121.333333333333,8019.333333333333,8086.571428571428,66.65908686981054,8080.642857142857,80.4960544011943,337.0,298.0,363.0,270.2857142857143,58.01641803752395,282.35714285714283,64.74994166063031,-80.57142857142857
2024-02-03,243.0,507.0,262.0,7884.0,340.0,False,-78.0,5,2,0,0,7955.0,8062.666666666667,7996.666666666667,8062.809523809524,80.42683750066375,8076.047619047619,85.91885031874108,339.0,302.0,367.0,276.14285714285717,63.12534771238491,280.64285714285717,62.73706687788049,-67.85714285714286
2024-02-04,253.0,531.0,248.0,7813.0,342.0,True,-94.0,6,2,0,0,7884.0,8004.0,7974.0,8037.285714285715,105.05826048016837,8068.0,98.30912348673137,340.0,307.0,371.0,281.57142857142856,67.22067425739662,278.7142857142857,60.243644505431405,-55.285714285714285
2024-02-05,157.0,466.0,345.0,7872.0,242.0,True,103.0,0,2,0,0,7813.0,8057.0,8008.0,8010.0,135.52859476833493,8056.5,117.66261705842442,342.0,195.0,222.0,286.57142857142856,70.64195434927953,276.64285714285717,57.250605832008134,-42.857142857142854
2024-02-06,291.0,455.0,323.0,8045.0,178.0,True,145.0,1,2,0,0,7872.0,8182.0,8133.0,7983.571428571428,142.68480080523884,8046.785714285715,127.20221515740128,242.0,187.0,202.0,293.2857142857143,62.21927430658508,278.07142857142856,56.01849184484996,-24.0
2024-02-07,227.0,453.0,330.0,8160.0,222.0,True,108.0,2,2,0,0,8045.0,8153.0,8212.0,7964.0,118.2314115053358,8040.5,124.7651297714392,178.0,266.0,243.0,292.0,64.82026432117235,276.35714285714283,58.82255865391698,-6.285714285714286
2024-02-08,298.0,499.0,358.0,8188.0,315.0,True,43.0,3,2,0,0,8160.0,8026.0,8180.0,7965.0,120.11105971784654,8036.785714285715,119.9478239236837,222.0,337.0,293.0,285.7142857142857,69.71062636765939,274.85714285714283,59.9946884095812,10.285714285714286
2024-02-09,267.0,504.3333333333333,314.0,8144.0,326.0,False,-12.0,4,2,0,0,8188.0,7955.0,8121.333333333333,7988.142857142857,146.52579815066017,8037.357142857143,120.69927766503899,315.0,339.0,298.0,282.57142857142856,67.4730986958434,276.42857142857144,60.78931369361523,23.285714285714285
2024-02-10,236.0,509.6666666666667,270.0,8100.0,336.0,False,-66.0,5,2,0,0,8144.0,7884.0,8062.666666666667,8015.142857142857,156.4762267045356,8038.976190476191,122.05676585261709,326.0,340.0,302.0,280.7142857142857,65.81973940420968,278.42857142857144,62.00212686887305,30.714285714285715
2024-02-11,205.0,515.0,226.0,8056.0,347.0,True,-121.0,6,2,0,0,8100.0,7813.0,8004.0,8046.0,147.33521869039922,8041.642857142857,123.01820199476354,336.0,342.0,307.0,280.14285714285717,65.23401099484967,280.85714285714283,63.64064635224847,32.42857142857143
2024-02-12,213.0,430.0,440.0,8092.0,234.0,True,206.0,0,2,0,0,8056.0,7872.0,8057.0,8080.714285714285,106.16137760560918,8045.357142857143,122.57845659831229,347.0,242.0,195.0,280.85714285714283,66.04652040147788,283.7142857142857,65.76698794453633,28.571428571428573
2024-02-13,227.0,369.0,349.0,8348.0,160.0,True,189.0,1,2,0,0,8092.0,8045.0,8182.0,8112.142857142857,53.65453870543974,8047.857142857143,123.18957070189245,234.0,178.0,187.0,279.7142857142857,66.89472895456517,286.5,62.46321994705303,43.285714285714285
2024-02-14,185.0,322.0,272.0,8512.0,230.0,True,42.0,2,2,0,0,8348.0,8160.0,8153.0,8155.428571428572,95.984125671062,8059.714285714285,143.42161009347262,160.0,222.0,266.0,277.14285714285717,71.63432271248305,284.57142857142856,66.08353022526148,49.57142857142857
2024-02-15,333.0,508.0,272.0,8463.0,312.0,True,-40.0,3,2,0,0,8512.0,8188.0,8026.0,8205.714285714286,165.68012784215458,8085.357142857143,186.8897688861826,230.0,315.0,337.0,278.2857142857143,70.66520663361428,282.0,67.54599572485125,40.142857142857146
2024-02-16,312.0,486.0,297.0,8442.25,288.0,False,9.0,4,2,0,0,8463.0,8144.0,7955.0,8245.0,191.38878406676872,8116.571428571428,211.1345594587638,312.0,326.0,339.0,277.85714285714283,70.4140813839308,280.2142857142857,66.2990643528702,28.285714285714285
2024-02-17,291.0,464.0,322.0,8421.5,265.0,False,57.0,5,2,0,0,8442.25,8100.0,7884.0,8287.607142857143,198.23259996874268,8151.375,222.31554043582682,288.0,336.0,340.0,272.42857142857144,67.48791778992013,276.57142857142856,64.18808215011559,31.285714285714285
2024-02-18,270.0,442.0,346.0,8400.75,242.0,False,104.0,6,2,0,0,8421.5,8056.0,7813.0,8333.535714285714,184.27416330510934,8189.767857142857,218.97603627869307,265.0,347.0,342.0,262.2857142857143,61.40226457744095,271.2142857142857,61.563199011483974,48.857142857142854
2024-02-19,249.0,420.0,371.0,8380.0,218.0,True,153.0,0,2,0,0,8400.75,8092.0,7872.0,8382.785714285714,137.99429551663945,8231.75,196.35936443174938,242.0,234.0,242.0,247.28571428571428,48.78768384785295,264.07142857142856,58.44058690501252,81.0
2024-02-20,149.0,395.0,273.0,8488.0,192.0,True,81.0,1,2,0,0,8380.0,8348.0,8045.0,8423.92857142857,54.55400884306942,8268.035714285714,169.92438525219467,218.0,160.0,178.0,245.0,49.8765141791868,262.35714285714283,59.48058137274456,73.42857142857143
2024-02-21,232.0,430.0,318.0,8573.0,231.0,True,87.0,2,2,0,0,8488.0,8512.0,8160.0,8443.92857142857,47.25258244283868,8299.67857142857,166.40715326986214,192.0,230.0,222.0,249.57142857142858,41.56062697175865,263.35714285714283,58.053830646628114,58.0
2024-02-22,165.0,400.0,292.0,8607.0,293.0,True,-1.0,3,2,0,0,8573.0,8463.0,8188.0,8452.642857142857,64.40882721885383,8329.17857142857,176.06782534272728,231.0,312.0,315.0,249.71428571428572,41.48378914593893,264.0,57.608760017634076,64.42857142857143
2024-02-23,191.0,427.3333333333333,317.0,8539.333333333334,305.0,False,12.0,4,2,0,0,8607.0,8442.25,8144.0,8473.214285714286,87.22342343165481,8359.107142857143,185.57845413032166,293.0,288.0,326.0,247.0,37.121422386540594,262.42857142857144,56.397919063786404,70.0
2024-02-24,218.0,454.6666666666667,341.0,8471.666666666666,317.0,False,24.0,5,2,0,0,8539.333333333334,8421.5,8100.0,8487.083333333334,89.17589516050927,8387.345238095239,180.3327375019101,305.0,265.0,336.0,249.42857142857142,40.64011623530383,260.92857142857144,54.834666583656634,70.42857142857143
2024-02-25,244.0,482.0,366.0,8404.0,329.0,True,37.0,6,2,0,0,8471.666666666666,8400.75,8056.0,8494.25,84.942150793244,8413.892857142857,161.11023535624264,317.0,242.0,347.0,256.85714285714283,48.039666150062764,259.57142857142856,53.03948353054492,65.71428571428571
2024-02-26,199.0,438.0,326.0,8404.0,329.0,True,-3.0,0,2,0,0,8404.0,8380.0,8092.0,8494.714285714286,84.35274887807152,8438.75,124.28097474592022,329.0,218.0,234.0,269.2857142857143,54.389687397870425,258.2857142857143,50.93348388064492,56.142857142857146
2024-02-27,197.0,369.0,306.0,8650.0,206.0,True,100.0,1,2,0,0,8404.0,8488.0,8348.0,8498.142857142857,79.24618395770592,8461.035714285714,75.86108054159511,329.0,192.0,160.0,285.14285714285717,53.11129375010086,265.07142857142856,53.702118975117756,33.857142857142854
2024-02-28,209.0,447.0,274.0,8699.0,257.0,True,17.0,2,2,0,0,8650.0,8573.0,8512.0,8521.285714285714,97.37241007230038,8482.607142857143,83.77148549892219,206.0,231.0,230.0,287.14285714285717,49.13392776018255,268.35714285714283,47.86938501775572,36.57142857142857
2024-02-29,262.0,444.0,354.0,8724.0,299.0,True,55.0,3,2,0,1,8699.0,8607.0,8463.0,8539.285714285714,117.98892423990098,8495.964285714286,101.7892793328031,257.0,293.0,312.0,290.85714285714283,44.990475182452116,270.2857142857143,46.73563715431608,26.571428571428573
2024-03-01,253.0,452.0,352.0,8680.666666666666,317.0,False,35.0,4,3,1,0,8724.0,8539.333333333334,8442.25,8556.0,136.08017789053056,8514.607142857143,117.91183250307753,299.0,305.0,288.0,291.7142857142857,45.09513752691537,269.35714285714283,45.965885582274474,34.57142857142857
2024-03-02,245.0,460.0,349.0,8637.333333333334,336.0,False,13.0,5,3,0,0,8680.666666666666,8471.666666666666,8421.5,8576.190476190475,143.4789773141749,8531.636904761905,123.73098406591947,317.0,317.0,265.0,293.42857142857144,45.90518178033606,271.42857142857144,47.49852513615551,37.857142857142854
2024-03-03,236.0,468.0,347.0,8594.0,354.0,True,-7.0,6,3,0,0,8637.333333333334,8404.0,8400.75,8599.857142857143,136.87570153925557,8547.05357142857,122.39149043434757,336.0,329.0,242.0,296.14285714285717,48.04313538001909,276.5,50.457522119716046,36.285714285714285
2024-03-04,225.0,509.0,340.0,8660.0,229.0,True,111.0,0,3,0,0,8594.0,8404.0,8380.0,8627.0,107.18122417066235,8560.857142857143,115.3147839157318,354.0,329.0,218.0,299.7142857142857,51.6840216627739,284.5,53.361971477823786,30.0
2024-03-05,246.0,472.0,345.0,8800.0,214.0,True,131.0,1,3,0,0,8660.0,8650.0,8488.0,8663.57142857143,42.6704487400343,8580.857142857143,105.38847260854608,229.0,206.0,192.0,285.42857142857144,55.88934645904376,285.2857142857143,52.37942721722406,46.285714285714285
2024-03-06,230.0,457.0,277.0,8870.0,232.0,True,45.0,2,3,0,0,8800.0,8699.0,8573.0,8685.0,66.00364748550838,8603.142857142857,116.6307427686276,214.0,257.0,231.0,286.57142857142856,54.04583592611332,286.85714285714283,49.62297411924878,50.714285714285715
2024-03-07,181.0,424.0,328.0,8902.0,305.0,True,23.0,3,3,0,0,8870.0,8724.0,8607.0,8709.42857142857,96.60107243544584,8624.357142857143,136.1105297638924,232.0,299.0,293.0,283.0,57.067211835401984,286.92857142857144,49.537032434509605,54.714285714285715
2024-03-08,184.0,405.3333333333333,327.0,8839.333333333334,328.0,False,-1.0,4,3,0,0,8902.0,8680.666666666666,8539.333333333334,8734.857142857143,121.33682185773898,8645.42857142857,154.77209208520486,305.0,317.0,305.0,283.85714285714283,57.39171999347556,287.7857142857143,49.75351332229876,50.142857142857146
2024-03-09,187.0,386.6666666666667,327.0,8776.666666666666,350.0,False,-23.0,5,3,0,0,8839.333333333334,8637.333333333334,8471.666666666666,8757.523809523811,124.31007484877571,8666.857142857143,159.64419381956486,328.0,336.0,317.0,285.42857142857144,58.58855730958928,289.42857142857144,50.735686554041614,45.0
2024-03-10,190.0,368.0,326.0,8714.0,373.0,True,-47.0,6,3,0,0,8776.666666666666,8594.0,8404.0,8777.42857142857,112.44648344935565,8688.642857142857,151.56508090092305,350.0,354.0,329.0,287.42857142857144,60.799827693991276,291.7857142857143,52.838183412885144,39.857142857142854
2024-03-11,178.0,336.0,290.0,8757.0,253.0,True,37.0,0,3,0,0,8714.0,8660.0,8404.0,8794.57142857143,85.81498493926995,8710.785714285714,127.51856624630678,373.0,229.0,329.0,290.14285714285717,64.57406231459738,294.92857142857144,56.409852229654774,34.142857142857146
2024-03-12,154.0,294.0,290.0,8843.0,213.0,True,77.0,1,3,0,0,8757.0,8800.0,8650.0,8808.42857142857,66.0091784536651,8736.0,92.1998016203493,253.0,214.0,206.0,293.57142857142856,61.34290815532276,289.5,56.53555722524807,23.571428571428573
2024-03-13,165.0,358.0,167.0,8819.0,239.0,True,-72.0,2,3,0,0,8843.0,8870.0,8699.0,8814.57142857143,67.08610119437158,8749.785714285714,92.7788112363801,213.0,232.0,257.0,293.42857142857144,61.55988180316001,290.0,55.76599460106689,15.857142857142858
2024-03-14,166.0,301.0,252.0,8695.0,310.0,True,-58.0,3,3,0,0,8819.0,8902.0,8724.0,8807.285714285714,62.68836166105148,8758.357142857143,93.26787670695983,239.0,305.0,299.0,294.42857142857144,60.44241651593438,288.7142857142857,56.783568277924346,-0.8571428571428571
2024-03-15,153.0,287.3333333333333,254.0,8587.666666666666,321.0,False,-67.0,4,3,0,0,8695.0,8839.333333333334,8680.666666666666,8777.714285714286,59.294440614152705,8756.285714285714,94.40473488274759,310.0,328.0,317.0,295.14285714285717,60.61745780281597,289.5,57.012481764286896,-12.428571428571429
2024-03-16,140.0,273.6666666666667,257.0,8480.333333333334,331.0,False,-74.0,5,3,0,0,8587.666666666666,8776.666666666666,8637.333333333334,8741.761904761905,85.99240153412356,8749.642857142857,103.01443466088539,321.0,350.0,336.0,294.14285714285717,60.040065987717796,289.7857142857143,57.170700634057994,-21.857142857142858
2024-03-17,127.0,260.0,259.0,8373.0,342.0,True,-83.0,6,3,0,0,8480.333333333334,8714.0,8594.0,8699.42857142857,128.4198430327914,8738.42857142857,122.82232519111484,331.0,373.0,354.0,291.42857142857144,57.46841782769933,289.42857142857144,56.87464527120449,-29.142857142857142
2024-03-18,123.0,243.0,188.0,8333.0,283.0,True,-95.0,0,3,0,0,8373.0,8757.0,8660.0,8650.714285714286,177.33285594849656,8722.642857142857,153.24665690013165,342.0,253.0,229.0,287.0,50.96076922496344,288.57142857142856,55.90887405235655,-34.285714285714285
2024-03-19,99.0,202.0,256.0,8390.0,197.0,True,59.0,1,3,0,0,8333.0,8843.0,8800.0,8590.142857142857,205.2011530850132,8699.285714285714,185.13168596372307,283.0,213.0,214.0,291.2857142857143,48.842311867595,292.42857142857144,53.28402024234729,-53.142857142857146
2024-03-20,91.0,181.0,174.0,8365.0,227.0,True,-53.0,2,3,0,0,8390.0,8819.0,8870.0,8525.42857142857,182.32294448192485,8670.0,199.82026111525076,197.0,239.0,232.0,289.0,53.28852284185262,291.2142857142857,55.361995533494046,-55.714285714285715
2024-03-21,132.0,261.0,141.0,8292.0,235.0,True,-94.0,3,3,0,0,8365.0,8695.0,8902.0,8460.57142857143,135.12829490730724,8633.92857142857,206.4115952224531,227.0,310.0,305.0,287.2857142857143,55.31941878977106,290.85714285714283,55.78786350350567,-53.0
2024-03-22,129.0,262.0,168.0,8161.0,281.0,False,-113.0,4,3,0,0,8292.0,8587.666666666666,8839.333333333334,8403.0,99.84673439961847,8590.357142857143,209.82575042967892,235.0,321.0,328.0,276.57142857142856,57.41038565409884,285.85714285714283,57.53240844930878,-58.142857142857146
2024-03-23,127.0,263.0,194.0,8030.0,327.0,False,-133.0,5,3,0,0,8161.0,8480.333333333334,8776.666666666666,8342.04761904762,98.54956049070373,8541.904761904761,225.63424107356664,281.0,331.0,350.0,270.85714285714283,54.1492646038968,282.5,56.24089669927518,-64.71428571428571
2024-03-24,124.0,264.0,221.0,7899.0,373.0,True,-152.0,6,3,0,0,8030.0,8373.0,8714.0,8277.714285714286,133.88516756956395,8488.57142857143,252.5183391350946,327.0,342.0,373.0,270.2857142857143,53.42506991327263,280.85714285714283,54.42405738254091,-73.14285714285714
2024-03-25,128.0,242.0,224.0,7899.0,229.0,True,-5.0,0,3,0,0,7899.0,8333.0,8757.0,8210.0,186.9937610364465,8430.357142857143,288.0015273074369,373.0,283.0,253.0,274.7142857142857,61.09477415107945,280.85714285714283,54.42405738254091,-83.0
2024-03-26,187.0,276.0,200.0,7919.0,208.0,True,-8.0,1,3,0,0,7899.0,8390.0,8843.0,8148.0,209.95396320753923,8369.07142857143,303.9920483264387,229.0,197.0,213.0,267.0,63.245553203367365,279.14285714285717,55.73130199428423,-70.14285714285714
2024-03-27,129.0,287.0,185.0,7893.0,215.0,True,-30.0,2,3,0,0,7919.0,8365.0,8819.0,8080.714285714285,194.36624731449905,8303.07142857143,293.2991582240504,208.0,227.0,239.0,268.57142857142856,61.32388643602932,278.7857142857143,56.20180474987387,-79.71428571428571
2024-03-28,161.0,288.0,248.0,7762.0,360.0,True,-112.0,3,3,0,0,7893.0,8292.0,8695.0,8013.285714285715,157.724141341091,8236.92857142857,271.6113103448495,215.0,235.0,310.0,266.85714285714283,62.828943891141144,277.07142857142856,57.85055585892762,-76.42857142857143
2024-03-29,142.0,276.6666666666667,216.0,7593.666666666667,336.0,False,-120.0,4,3,0,0,7762.0,8161.0,8587.666666666666,7937.571428571428,125.56254370164878,8170.285714285715,264.9521116912748,360.0,281.0,321.0,284.7142857142857,69.65800811994325,280.64285714285717,61.46995156216596,-79.0
2024-03-30,124.0,265.3333333333333,183.0,7425.333333333333,311.0,False,-128.0,5,3,0,0,7593.666666666667,8030.0,8480.333333333334,7856.523809523809,139.62142692658304,8099.285714285715,277.3922169104398,336.0,327.0,331.0,292.57142857142856,72.22385834532592,281.7142857142857,62.351890442538505,-80.0
2024-03-31,105.0,254.0,151.0,7257.0,287.0,True,-136.0,6,3,0,1,7425.333333333333,7899.0,8373.0,7770.142857142857,191.73089331039975,8023.928571428572,307.5731913054464,311.0,373.0,342.0,290.2857142857143,71.19858211536298,280.2857142857143,61.35699893802992,-79.28571428571429
2024-04-01,109.0,235.0,171.0,7271.0,172.0,True,-1.0,0,4,1,0,7257.0,7899.0,8333.0,7678.428571428572,260.89438151624245,7944.214285714285,351.60991417490334,287.0,229.0,283.0,278.0,61.27533489640547,276.35714285714283,58.80948006108402,-77.0
2024-04-02,101.0,230.0,175.0,7340.0,132.0,True,43.0,1,4,0,0,7271.0,7919.0,8390.0,7588.714285714285,279.7025158169974,7868.357142857143,375.0576129940127,172.0,208.0,197.0,269.85714285714283,71.76217334926177,268.42857142857144,65.00143700863022,-76.42857142857143
2024-04-03,124.0,230.0,190.0,7346.0,163.0,True,27.0,2,4,0,0,7340.0,7893.0,8365.0,7506.0,249.75973639836852,7793.357142857143,367.6313757684242,132.0,215.0,227.0,259.0,86.84468895678057,263.7857142857143,72.39653473584463,-69.14285714285714
2024-04-04,95.0,226.0,152.0,7317.0,225.0,True,-73.0,3,4,0,0,7346.0,7762.0,8292.0,7427.857142857143,185.9060751641052,7720.571428571428,345.984768909729,163.0,360.0,235.0,251.57142857142858,93.22527758581542,259.2142857142857,76.78559417317547,-61.0
2024-04-05,99.0,230.33333333333334,179.0,7205.333333333333,243.0,False,-64.0,4,4,0,0,7317.0,7593.666666666667,8161.0,7364.285714285715,115.26417781635806,7650.928571428572,319.206767342926,225.0,336.0,281.0,232.28571428571428,80.09518147328238,258.5,77.0741401309363,-55.42857142857143
2024-04-06,102.0,234.66666666666666,206.0,7093.666666666667,261.0,False,-55.0,5,4,0,0,7205.333333333333,7425.333333333333,8030.0,7308.809523809525,71.67283103688945,7582.666666666666,303.53749117213096,243.0,311.0,327.0,219.0,66.60080079598592,255.78571428571428,76.88970979609434,-47.42857142857143
2024-04-07,106.0,239.0,233.0,6982.0,279.0,True,-46.0,6,4,0,0,7093.666666666667,7257.0,7899.0,7261.428571428572,89.27106334736047,7515.785714285715,300.53108567251184,261.0,287.0,373.0,211.85714285714286,57.09182244836922,251.07142857142858,74.16246644072437,-37.0
2024-04-08,102.0,230.0,167.0,6988.0,199.0,True,-32.0,0,4,0,0,6982.0,7271.0,7899.0,7222.142857142857,138.4877126704405,7450.285714285715,310.3542188335912,279.0,172.0,229.0,210.71428571428572,55.39167893499908,244.35714285714286,66.09038931977716,-24.142857142857142
2024-04-09,118.0,231.0,217.0,7043.0,130.0,True,87.0,1,4,0,0,6988.0,7340.0,7919.0,7181.714285714285,161.2801138768113,7385.214285714285,304.48444887932993,199.0,132.0,208.0,214.57142857142858,53.14087297883155,242.21428571428572,67.10517413437323,-28.571428571428573
2024-04-10,117.0,244.0,142.0,6999.0,227.0,True,-85.0,2,4,0,0,7043.0,7346.0,7893.0,7139.285714285715,151.46707606643523,7322.642857142857,274.92810137931104,130.0,163.0,215.0,214.28571428571428,53.66163833290368,236.64285714285714,73.1317116765868,-22.285714285714285
2024-04-11,183.0,221.0,220.0,6912.0,285.0,True,-65.0,3,4,0,0,6999.0,7317.0,7762.0,7089.714285714285,127.4111787303074,7258.785714285715,232.86842354917223,227.0,225.0,360.0,223.42857142857142,48.68900335413516,237.5,72.92857411931959,-38.285714285714285
2024-04-12,165.0,229.0,228.0,6818.0,287.0,False,-59.0,4,4,0,0,6912.0,7205.333333333333,7593.666666666667,7031.857142857143,94.77436306309376,7198.071428571428,200.07473725704745,285.0,243.0,336.0,232.0,54.003086331554044,232.14285714285714,65.6269845330507,-37.142857142857146
2024-04-13,146.0,237.0,235.0,6724.0,288.0,False,-53.0,5,4,0,0,6818.0,7093.666666666667,7425.333333333333,6976.523809523809,89.5372583607145,7142.666666666666,189.2031423098121,287.0,261.0,311.0,238.28571428571428,57.91578450852624,228.64285714285714,60.790443508648686,-36.42857142857143
2024-04-14,128.0,245.0,243.0,6630.0,290.0,True,-47.0,6,4,0,0,6724.0,6982.0,7257.0,6923.714285714285,114.4737441296841,7092.571428571428,201.0777979548226,288.0,279.0,287.0,242.14285714285714,60.52114939266669,227.0,58.667249414356746,-36.142857142857146
2024-04-15,144.0,303.0,176.0,6681.0,191.0,True,-15.0,0,4,0,0,6630.0,6988.0,7271.0,6873.428571428572,154.80940662886206,7047.785714285715,229.45999808348265,290.0,199.0,172.0,243.71428571428572,61.76761364370533,227.21428571428572,58.90824491258848,-36.285714285714285
2024-04-16,219.0,392.0,205.0,6685.0,163.0,True,42.0,1,4,0,0,6681.0,7043.0,7340.0,6829.571428571428,160.32971978845654,7005.642857142857,239.28056215198512,191.0,130.0,132.0,242.57142857142858,62.798240800352076,228.57142857142858,57.74574814279934,-33.857142857142854
2024-04-17,182.0,371.0,274.0,6725.0,227.0,True,47.0,2,4,0,0,6685.0,6999.0,7346.0,6778.428571428572,136.18230078627175,6958.857142857143,232.8237921540718,163.0,227.0,163.0,247.28571428571428,53.48742620377918,230.78571428571428,54.24613218601892,-40.285714285714285
2024-04-18,144.0,322.0,258.0,6728.0,260.0,True,-2.0,3,4,0,0,6725.0,6912.0,7317.0,6739.285714285715,95.52611211108625,6914.5,211.57899456292148,227.0,285.0,225.0,247.28571428571428,53.48742620377918,235.35714285714286,50.67332349753552,-21.428571428571427
2024-04-19,165.0,341.3333333333333,286.0,6733.666666666667,253.0,False,33.0,4,4,0,0,6728.0,6818.0,7205.333333333333,6713.0,58.04021594107992,6872.428571428572,181.8599737741578,260.0,287.0,243.0,243.71428571428572,51.34106311623007,237.85714285714286,50.985453646276895,-12.428571428571429
2024-04-20,187.0,360.6666666666667,315.0,6739.333333333333,247.0,False,68.0,5,4,0,0,6733.666666666667,6724.0,7093.666666666667,6700.952380952381,37.855196114085345,6838.738095238096,157.50171229982834,253.0,288.0,261.0,238.85714285714286,48.067412978816975,238.57142857142858,51.132880112229095,0.7142857142857143
2024-04-21,208.0,380.0,343.0,6745.0,240.0,True,103.0,6,4,0,0,6739.333333333333,6630.0,6982.0,6703.142857142857,39.80454893881095,6813.428571428572,140.98908417324824,247.0,290.0,279.0,233.0,43.34743360338586,237.57142857142858,50.796296481770234,18.0
2024-04-22,176.0,424.0,251.0,6799.0,214.0,True,37.0,0,4,0,0,6745.0,6681.0,6988.0,6719.571428571428,25.88200739315033,6796.5,133.20517879650805,240.0,191.0,199.0,225.85714285714286,35.86283392514868,234.78571428571428,49.39974863129708,39.42857142857143
2024-04-23,252.0,427.0,307.0,6967.0,134.0,True,173.0,1,4,0,0,6799.0,6685.0,7043.0,6736.428571428572,33.791689905949134,6783.0,121.3543937769844,214.0,163.0,130.0,229.14285714285714,33.08286853457741,235.85714285714286,48.721906529038314,46.857142857142854
2024-04-24,253.0,411.0,307.0,7128.0,154.0,True,153.0,2,4,0,0,6967.0,6725.0,6999.0,6776.714285714285,87.56805365535594,6777.571428571428,109.9975468706053,134.0,227.0,227.0,225.0,43.05810028322123,236.14285714285714,48.060630206275334,65.57142857142857
2024-04-25,145.0,357.0,333.0,7209.0,217.0,True,116.0,3,4,0,0,7128.0,6728.0,6912.0,6834.285714285715,154.66899286645355,6786.785714285715,132.97597026981614,154.0,260.0,285.0,214.57142857142858,50.66181054422525,230.92857142857142,52.8502445751061,80.71428571428571
2024-04-26,149.0,354.3333333333333,344.0,7238.666666666667,228.0,False,116.0,4,4,0,0,7209.0,6733.666666666667,6818.0,6903.0,199.83224445958294,6808.0,172.35017028326604,217.0,253.0,287.0,208.42857142857142,46.68639038969457,226.07142857142858,50.574338713066005,97.57142857142857
2024-04-27,154.0,351.6666666666667,354.0,7268.333333333333,239.0,False,115.0,5,4,0,0,7238.666666666667,6739.333333333333,6724.0,6975.142857142857,218.7707117930919,6838.047619047619,207.3446223799426,228.0,247.0,288.0,204.85714285714286,43.560029734564054,221.85714285714286,47.469596979149046,109.42857142857143
2024-04-28,158.0,349.0,365.0,7298.0,250.0,True,115.0,6,4,0,0,7268.333333333333,6745.0,6630.0,7050.714285714285,215.07401211598196,6876.928571428572,233.677627987407,239.0,240.0,290.0,203.71428571428572,42.358447743490416,218.35714285714286,43.889033399557334,116.14285714285714
2024-04-29,140.0,292.0,255.0,7373.0,187.0,True,68.0,0,4,0,0,7298.0,6799.0,6681.0,7129.714285714285,183.27710537417235,6924.642857142857,247.18761566531364,250.0,214.0,191.0,205.14285714285714,43.92580324224139,215.5,39.99567284287212,117.85714285714286
2024-04-30,220.0,443.0,194.0,7431.0,135.0,True,59.0,1,4,0,1,7373.0,6967.0,6685.0,7211.714285714285,131.84017099379147,6974.071428571428,263.3774769418963,187.0,134.0,163.0,201.28571428571428,44.20299494270351,215.21428571428572,40.19793062302883,122.28571428571429
2024-05-01,197.0,437.0,295.0,7508.0,190.0,True,105.0,2,5,1,0,7431.0,7128.0,6725.0,7278.0,101.43598601632219,7027.357142857143,275.57636459412595,135.0,154.0,227.0,201.42857142857142,43.95018825464753,213.21428571428572,43.552229601903505,106.0
2024-05-02,206.0,411.0,293.0,7577.0,194.0,True,99.0,3,5,0,0,7508.0,7209.0,6728.0,7332.285714285715,109.16881737784473,7083.285714285715,288.6381775823802,190.0,217.0,260.0,206.57142857142858,39.339789623471084,210.57142857142858,43.77339249030297,99.14285714285714
2024-05-03,187.0,379.0,271.0,7533.666666666667,240.0,False,31.0,4,5,0,0,7577.0,7238.666666666667,6733.666666666667,7384.857142857143,127.04750600825473,7143.928571428572,297.3079263198025,194.0,228.0,253.0,203.28571428571428,39.28406922962548,205.85714285714286,41.53748472600223,96.71428571428571
2024-05-04,169.0,347.0,250.0,7490.333333333333,286.0,False,-36.0,5,5,0,0,7533.666666666667,7268.333333333333,6739.333333333333,7427.0,119.15458369137701,7201.071428571428,289.15828861212344,240.0,239.0,247.0,205.0,40.77580982232702,204.92857142857142,40.5357663261543,84.57142857142857
2024-05-05,150.0,315.0,228.0,7447.0,332.0,True,-104.0,6,5,0,0,7490.333333333333,7298.0,6745.0,7458.714285714285,97.45282402221487,7254.714285714285,265.61210896694223,286.0,250.0,240.0,211.71428571428572,50.10892896385517,207.71428571428572,44.76851326792087,63.0
2024-05-06,173.0,337.0,211.0,7449.0,205.0,True,6.0,0,5,0,0,7447.0,7373.0,6799.0,7480.0,68.45788107540456,7304.857142857143,225.1686818520904,332.0,187.0,214.0,223.42857142857142,67.21571528260571,214.28571428571428,55.36928969887961,31.714285714285715
2024-05-07,176.0,334.0,246.0,7566.0,163.0,True,83.0,1,5,0,0,7449.0,7431.0,6967.0,7490.857142857143,52.924074595696865,7351.285714285715,174.05112016262171,205.0,135.0,134.0,226.0,65.92167069080246,213.64285714285714,55.425080608329075,22.857142857142858
2024-05-08,167.0,374.0,205.0,7583.0,202.0,True,3.0,2,5,0,0,7566.0,7508.0,7128.0,7510.142857142857,52.06685771017591,7394.071428571428,143.2097367276336,163.0,190.0,154.0,230.0,60.069404303133176,215.71428571428572,52.69422471847868,26.285714285714285
2024-05-09,138.0,285.0,268.0,7570.0,244.0,True,24.0,3,5,0,0,7583.0,7577.0,7209.0,7520.857142857143,58.829904570823274,7426.571428571428,129.1182740497912,202.0,194.0,217.0,231.71428571428572,58.89740878769375,219.14285714285714,49.85495445306,11.714285714285714
2024-05-10,138.0,290.3333333333333,266.0,7534.666666666667,244.0,False,22.0,4,5,0,0,7570.0,7533.666666666667,7238.666666666667,7519.857142857143,57.76640608357187,7452.357142857143,117.8837950405251,244.0,240.0,228.0,238.85714285714286,56.546230559393976,221.07142857142858,50.286049886494496,1.0
2024-05-11,138.0,295.6666666666667,265.0,7499.333333333333,245.0,False,20.0,5,5,0,0,7534.666666666667,7490.333333333333,7268.333333333333,7520.0,57.80747100123103,7473.5,102.09671550204746,244.0,286.0,239.0,239.42857142857142,56.579905569783925,222.21428571428572,50.63622687886283,-0.2857142857142857
2024-05-12,138.0,301.0,263.0,7464.0,245.0,True,18.0,6,5,0,0,7499.333333333333,7447.0,7298.0,7521.285714285715,57.13383526536312,7490.0,83.33025635384644,245.0,332.0,250.0,233.57142857142858,52.96180114905767,222.64285714285714,50.81430316941878,7.714285714285714
2024-05-13,112.0,331.0,167.0,7499.0,157.0,True,10.0,0,5,0,0,7464.0,7449.0,7373.0,7523.714285714285,53.70855113911644,7501.857142857143,63.315343502965106,245.0,205.0,187.0,221.14285714285714,32.12179203919757,222.28571428571428,50.62445224232418,25.142857142857142
2024-05-14,246.0,419.0,218.0,7546.0,186.0,True,32.0,1,5,0,0,7499.0,7566.0,7431.0,7530.857142857143,44.682359241294996,7510.857142857143,51.42943290618715,157.0,163.0,135.0,214.28571428571428,40.23975764387779,220.14285714285714,52.82024253994129,25.714285714285715
2024-05-15,115.0,285.0,341.0,7589.0,265.0,True,76.0,2,5,0,0,7546.0,7583.0,7508.0,7528.0,42.65407800228678,7519.071428571428,46.65589226815234,186.0,202.0,190.0,217.57142857142858,36.07795791919184,223.78571428571428,48.03873208380894,18.428571428571427
2024-05-16,206.0,340.0,214.0,7565.0,234.0,True,-20.0,3,5,0,0,7589.0,7570.0,7577.0,7528.857142857143,43.98310161150592,7524.857142857143,50.07442568330722,265.0,244.0,194.0,226.57142857142858,39.26345689848242,229.14285714285714,48.16295598974914,28.857142857142858
2024-05-17,185.0,325.0,235.0,7495.333333333333,255.0,False,-20.0,4,5,0,0,7565.0,7534.666666666667,7533.666666666667,7528.142857142857,43.23786797898368,7524.0,49.208435105529084,234.0,244.0,240.0,225.14285714285714,38.70154420445599,232.0,47.09238056939238,22.571428571428573
2024-05-18,164.0,310.0,257.0,7425.666666666667,277.0,False,-20.0,5,5,0,0,7495.333333333333,7499.333333333333,7490.333333333333,7522.52380952381,44.777167271381444,7521.261904761904,49.69327777463399,255.0,245.0,286.0,226.71428571428572,39.80248855584327,233.07142857142858,47.45761556089233,16.571428571428573
2024-05-19,143.0,295.0,278.0,7356.0,298.0,True,-20.0,6,5,0,0,7425.666666666667,7464.0,7447.0,7512.0,57.87662484594133,7516.642857142857,55.46007485015804,277.0,245.0,332.0,231.28571428571428,43.881333486704484,232.42857142857142,46.74104486129349,10.857142857142858
2024-05-20,111.0,268.0,217.0,7368.0,192.0,True,25.0,0,5,0,0,7356.0,7499.0,7449.0,7496.571428571428,82.12179624096714,7510.142857142857,68.13457200559314,298.0,157.0,205.0,238.85714285714286,50.686712826369096,230.0,41.79068722169713,5.428571428571429
2024-05-21,196.0,348.0,176.0,7404.0,145.0,True,31.0,1,5,0,0,7368.0,7546.0,7566.0,7477.857142857143,95.33893867337709,7504.357142857143,76.63482775776617,192.0,186.0,163.0,243.85714285714286,42.29826068696932,229.07142857142858,42.526849954271825,7.571428571428571
2024-05-22,168.0,349.0,272.0,7474.0,208.0,True,64.0,2,5,0,0,7404.0,7589.0,7583.0,7457.571428571428,93.51286587688327,7492.785714285715,78.81077707842164,145.0,265.0,202.0,238.0,53.10367218940656,227.78571428571428,44.88477311007645,7.428571428571429
2024-05-23,193.0,272.0,314.0,7494.0,227.0,True,87.0,3,5,0,0,7474.0,7565.0,7570.0,7441.142857142857,74.80539125422534,7485.0,74.4778978289776,208.0,234.0,244.0,229.85714285714286,52.64164565382431,228.21428571428572,44.64764369944143,5.714285714285714
2024-05-24,184.0,290.0,298.0,7461.75,212.0,False,86.0,4,5,0,0,7494.0,7495.333333333333,7534.666666666667,7431.0,58.17820643122685,7479.571428571428,70.46759921942207,227.0,255.0,244.0,228.85714285714286,52.61631106868034,227.0,44.41586688076028,21.0
2024-05-25,174.0,308.0,283.0,7429.5,197.0,False,86.0,5,5,0,0,7461.75,7425.666666666667,7499.333333333333,7426.202380952381,53.15682286697403,7474.3630952380945,68.75610001846582,212.0,277.0,245.0,222.71428571428572,51.55487136929641,224.71428571428572,44.29695001035592,36.142857142857146
2024-05-26,165.0,326.0,268.0,7397.25,182.0,False,86.0,6,5,0,0,7429.5,7356.0,7464.0,7426.75,53.17012789010913,7469.375,69.33589700375109,197.0,298.0,245.0,211.28571428571428,46.093073542250934,221.28571428571428,44.46334457718187,51.285714285714285
2024-05-27,156.0,344.0,252.0,7365.0,167.0,True,85.0,0,5,0,0,7397.25,7368.0,7499.0,7432.642857142857,45.79661949307699,7464.607142857143,71.9785953807469,182.0,192.0,157.0,194.71428571428572,26.34207208829005,216.78571428571428,45.062654794664105,66.42857142857143
2024-05-28,153.0,348.0,239.0,7418.0,151.0,True,88.0,1,5,0,0,7365.0,7404.0,7546.0,7432.214285714285,46.51084742747899,7455.035714285715,75.85820748959912,167.0,145.0,186.0,191.14285714285714,28.386784316111395,217.5,44.11131025381017,75.0
2024-05-29,182.0,462.0,158.0,7491.0,141.0,True,17.0,2,5,0,0,7418.0,7474.0,7589.0,7434.214285714285,45.38273087591416,7445.892857142857,71.64814480867183,151.0,208.0,265.0,192.0,26.807959017175694,215.0,46.93530735942066,83.14285714285714
2024-05-30,167.0,406.0,339.0,7563.0,190.0,True,149.0,3,5,0,0,7491.0,7494.0,7565.0,7436.642857142857,48.23204699153726,7438.892857142857,60.5131495619693,141.0,227.0,234.0,182.42857142857142,31.664160301813517,206.14285714285714,48.44958861912932,76.42857142857143
2024-05-31,164.0,380.6666666666667,333.0,7557.333333333333,229.0,False,104.0,4,5,0,1,7563.0,7461.75,7495.333333333333,7446.5,65.76995894670655,7438.75,60.194059394534804,190.0,212.0,255.0,177.14285714285714,25.465195669306773,203.0,47.927830360628235,85.28571428571429
2024-06-01,162.0,355.3333333333333,328.0,7551.666666666667,267.0,False,61.0,5,6,1,0,7557.333333333333,7429.5,7425.666666666667,7460.154761904762,78.20957168420425,7443.178571428572,66.6154198641876,229.0,197.0,277.0,179.57142857142858,29.787341510876843,201.14285714285714,46.23161945425312,87.85714285714286
2024-06-02,159.0,330.0,322.0,7546.0,306.0,True,16.0,6,6,0,0,7551.666666666667,7397.25,7356.0,7477.607142857143,83.6690282178637,7452.178571428572,72.33362029665146,267.0,182.0,298.0,189.57142857142858,44.65369392281319,200.42857142857142,45.03112476723668,84.28571428571429
2024-06-03,109.0,244.0,257.0,7596.0,224.0,True,33.0,0,6,0,0,7546.0,7365.0,7368.0,7498.857142857143,78.59433047569426,7465.75,70.7060847976853,306.0,167.0,192.0,207.28571428571428,62.270148775889,201.0,46.39462833628239,74.28571428571429
2024-06-04,260.0,356.0,176.0,7565.0,203.0,True,-27.0,1,6,0,0,7596.0,7418.0,7404.0,7531.857142857143,59.10218932428963,7482.035714285715,72.68922928323362,224.0,151.0,145.0,215.42857142857142,59.80205443198122,203.28571428571428,46.704354222030915,66.85714285714286
2024-06-05,173.0,345.0,291.0,7691.0,198.0,True,93.0,2,6,0,0,7565.0,7491.0,7474.0,7552.857142857143,31.63967103060876,7493.535714285715,72.127244772038,203.0,141.0,208.0,222.85714285714286,53.34612941732007,207.42857142857142,43.60612921935093,50.42857142857143
2024-06-06,179.0,326.0,282.0,7741.0,238.0,True,44.0,3,6,0,0,7691.0,7563.0,7494.0,7581.428571428572,50.90721926605952,7509.035714285715,88.95868215476565,198.0,190.0,227.0,231.0,41.88874152641273,206.71428571428572,43.6778919106505,61.285714285714285
2024-06-07,158.0,313.6666666666667,243.0,7644.333333333333,263.0,False,-20.0,4,6,0,0,7741.0,7557.333333333333,7461.75,7606.857142857143,77.61702207802755,7526.678571428572,108.16688819662217,238.0,229.0,212.0,237.85714285714286,37.78636690407638,207.5,44.16707788875097,46.285714285714285
2024-06-08,137.0,301.3333333333333,205.0,7547.666666666667,287.0,False,-82.0,5,6,0,0,7644.333333333333,7551.666666666667,7429.5,7619.285714285715,75.29606466713149,7539.720238095238,110.71332237488585,263.0,267.0,197.0,242.71428571428572,38.63381198602318,211.14285714285714,46.60283441835265,28.571428571428573
2024-06-09,116.0,289.0,166.0,7451.0,312.0,True,-146.0,6,6,0,0,7547.666666666667,7546.0,7397.25,7618.714285714285,75.90745548891263,7548.160714285715,106.07108598680718,287.0,306.0,182.0,245.57142857142858,41.371717967942914,217.57142857142858,50.54276831131864,8.142857142857142
2024-06-10,184.0,334.0,229.0,7439.0,212.0,True,17.0,0,6,0,0,7451.0,7596.0,7365.0,7605.142857142857,96.71528607570441,7552.0,101.04217618195554,312.0,224.0,167.0,246.42857142857142,42.86745907584227,226.85714285714286,55.229391760962784,-15.0
2024-06-11,186.0,352.0,224.0,7493.0,156.0,True,68.0,1,6,0,0,7439.0,7565.0,7418.0,7582.714285714285,115.55781438512142,7557.285714285715,92.04206184025293,212.0,203.0,151.0,244.71428571428572,44.13507405572946,230.07142857142858,52.730759211613396,-17.285714285714285
2024-06-12,152.0,266.0,274.0,7548.0,212.0,True,62.0,2,6,0,0,7493.0,7691.0,7491.0,7572.428571428572,120.49615243309621,7562.642857142857,85.24308772532602,156.0,198.0,141.0,238.0,54.00925846556268,230.42857142857142,52.167945191417004,-3.7142857142857144
2024-06-13,167.0,293.0,230.0,7544.0,259.0,True,-29.0,3,6,0,0,7548.0,7741.0,7563.0,7552.0,108.57579704317126,7566.714285714285,82.88668582025811,212.0,238.0,190.0,240.0,52.519837521962025,235.5,45.87734483632355,-8.142857142857142
2024-06-14,179.0,300.3333333333333,231.0,7465.0,271.0,False,-40.0,4,6,0,0,7544.0,7644.333333333333,7557.333333333333,7523.857142857143,70.15587331579157,7565.357142857143,83.10743374337267,259.0,263.0,229.0,243.0,52.984274396591424,240.42857142857142,44.29223631520949,-18.571428571428573
2024-06-15,192.0,307.6666666666667,232.0,7386.0,282.0,False,-50.0,5,6,0,0,7465.0,7547.666666666667,7551.666666666667,7498.2380952380945,48.10817836138093,7558.7619047619055,87.34864111048805,271.0,287.0,267.0,244.14285714285714,53.5706031682441,243.42857142857142,44.8771216095262,-21.428571428571427
2024-06-16,204.0,315.0,233.0,7307.0,294.0,True,-61.0,6,6,0,0,7386.0,7451.0,7546.0,7475.142857142857,58.17625108520371,7546.928571428572,98.84842740062034,282.0,312.0,306.0,243.42857142857142,52.93347127245993,244.5,45.65548244103039,-16.857142857142858
2024-06-17,159.0,310.0,272.0,7318.0,224.0,True,48.0,0,6,0,0,7307.0,7439.0,7596.0,7454.571428571428,86.63497589005563,7529.857142857143,117.83558836485068,294.0,212.0,224.0,240.85714285714286,49.36405092584563,243.64285714285714,44.51033958161281,-4.714285714285714
2024-06-18,160.0,297.0,253.0,7340.0,214.0,True,39.0,1,6,0,0,7318.0,7493.0,7565.0,7437.285714285715,101.1199193783734,7510.0,128.75027176164622,224.0,156.0,203.0,242.57142857142858,48.3937225366301,243.64285714285714,44.51033958161281,-0.2857142857142857
2024-06-19,204.0,321.0,246.0,7433.0,198.0,True,48.0,2,6,0,0,7340.0,7548.0,7691.0,7415.428571428572,103.57582913403103,7493.928571428572,135.2363033856795,214.0,212.0,198.0,250.85714285714286,33.89409275684321,244.42857142857142,43.829590085159644,-4.428571428571429
2024-06-20,145.0,247.0,243.0,7431.0,235.0,True,8.0,3,6,0,0,7433.0,7544.0,7741.0,7399.0,86.80629777373404,7475.5,123.37426555718895,198.0,259.0,238.0,248.85714285714286,36.85298979923912,244.42857142857142,43.829590085159644,-6.428571428571429
2024-06-21,131.0,240.33333333333334,229.0,7369.666666666667,255.0,False,-26.0,4,6,0,0,7431.0,7465.0,7644.333333333333,7382.857142857143,62.43243967407989,7453.357142857143,97.07310350325925,235.0,271.0,263.0,245.42857142857142,36.86849216181312,244.21428571428572,43.87075172758058,-1.1428571428571428
2024-06-22,116.0,233.66666666666666,215.0,7308.333333333333,274.0,False,-59.0,5,6,0,0,7369.666666666667,7386.0,7547.666666666667,7369.2380952380945,50.851167830136795,7433.738095238096,82.10918086599837,255.0,282.0,287.0,243.14285714285714,35.48909960080911,243.64285714285714,43.65882965212839,0.8571428571428571
2024-06-23,102.0,227.0,201.0,7247.0,294.0,True,-93.0,6,6,0,0,7308.333333333333,7307.0,7451.0,7358.142857142857,54.89648748755523,7416.642857142857,81.47680329417472,274.0,294.0,312.0,242.0,34.13209633175141,242.71428571428572,42.79545010220958,-0.42857142857142855
2024-06-24,116.0,175.0,172.0,7239.0,202.0,True,-30.0,0,6,0,0,7247.0,7318.0,7439.0,7349.571428571428,67.45937440870455,7402.071428571428,92.37291372108929,294.0,224.0,212.0,242.0,34.13209633175141,241.42857142857142,40.77652847810168,-5.0
2024-06-25,172.0,263.0,191.0,7239.0,202.0,True,-11.0,1,6,0,0,7239.0,7340.0,7493.0,7338.285714285715,79.20681521539463,7387.785714285715,101.26023064462859,202.0,214.0,156.0,238.85714285714286,36.961369795271544,240.71428571428572,41.41428325038381,-16.142857142857142
2024-06-26,132.0,235.0,197.0,7268.0,187.0,True,10.0,2,6,0,0,7239.0,7433.0,7548.0,7323.857142857143,87.59732304777621,7369.642857142857,103.68447075159874,202.0,198.0,212.0,237.14285714285714,38.55052343539332,244.0,35.59170171218832,-23.285714285714285
2024-06-27,174.0,208.0,256.0,7248.0,268.0,True,-12.0,3,6,0,0,7268.0,7431.0,7544.0,7300.285714285715,74.56352711992632,7349.642857142857,93.09883217292725,187.0,235.0,259.0,235.57142857142858,40.582661087616366,242.21428571428572,37.87464865829348,-28.714285714285715
2024-06-28,157.0,215.33333333333334,226.0,7123.333333333333,270.0,False,-44.0,4,6,0,0,7248.0,7369.666666666667,7465.0,7274.142857142857,48.685634484252375,7328.5,77.94198478050198,268.0,255.0,271.0,240.28571428571428,42.382049209990434,242.85714285714286,38.2559339647674,-31.571428571428573
2024-06-29,140.0,222.66666666666666,197.0,6998.666666666667,271.0,False,-74.0,5,6,0,0,7123.333333333333,7308.333333333333,7386.0,7238.952380952382,56.527092346536016,7304.095238095238,85.07788574193921,270.0,274.0,282.0,242.42857142857142,43.61137903061928,242.78571428571428,38.20023876572504,-34.142857142857146
2024-06-30,123.0,230.0,167.0,6874.0,273.0,True,-106.0,6,6,0,1,6998.666666666667,7247.0,7307.0,7194.714285714285,98.65454665933679,7276.428571428572,114.34065376696859,271.0,294.0,294.0,242.0,43.26276304937798,242.0,37.437126779957666,-36.285714285714285
2024-07-01,123.0,233.0,159.0,6825.0,229.0,True,-70.0,0,7,1,0,6874.0,7239.0,7318.0,7141.428571428572,152.0112951799017,7245.5,156.2988453569083,273.0,202.0,224.0,239.0,39.63163719387103,240.5,35.56737917725491,-38.142857142857146
2024-07-02,141.0,232.0,188.0,6823.0,184.0,True,4.0,1,7,0,0,6825.0,7239.0,7340.0,7082.285714285715,184.7368928410193,7210.285714285715,190.5022985772102,229.0,202.0,214.0,242.85714285714286,36.630718308674794,240.85714285714286,35.41372429061976,-43.857142857142854
2024-07-03,150.0,229.0,190.0,6806.5,204.0,False,-14.0,2,7,0,0,6823.0,7268.0,7433.0,7022.857142857143,192.66280822148755,7173.357142857143,212.28735823524312,184.0,187.0,198.0,240.28571428571428,40.41334056024139,238.71428571428572,37.97859431803386,-41.714285714285715
2024-07-04,158.0,226.0,191.0,6790.0,225.0,True,-34.0,3,7,0,0,6806.5,7248.0,7431.0,6956.928571428572,172.72478261364134,7128.607142857143,219.2629027980405,204.0,268.0,235.0,242.71428571428572,37.04823111258333,239.14285714285714,37.51483223156948,-45.142857142857146
2024-07-05,137.0,204.0,205.0,6726.333333333333,221.0,False,-16.0,4,7,0,0,6790.0,7123.333333333333,7369.666666666667,6891.5,123.94850334436349,7082.821428571428,218.18404040735734,225.0,270.0,255.0,236.57142857142858,35.697138740880426,238.42857142857142,37.69455028089988,-48.285714285714285
2024-07-06,117.0,182.0,219.0,6662.666666666667,217.0,False,2.0,5,7,0,0,6726.333333333333,6998.666666666667,7308.333333333333,6834.785714285715,84.85001551030396,7036.869047619047,220.8543645388418,221.0,271.0,274.0,229.57142857142858,32.730501283751494,236.0,37.63999509523618,-44.285714285714285
2024-07-07,96.0,160.0,233.0,6599.0,213.0,True,20.0,6,7,0,0,6662.666666666667,6874.0,7247.0,6786.785714285715,70.51849732821816,6990.75,227.13152511471503,217.0,273.0,294.0,221.85714285714286,27.24229904290003,231.92857142857142,36.27133703229137,-33.42857142857143
2024-07-08,141.0,173.0,129.0,6617.0,123.0,True,6.0,0,7,0,0,6599.0,6825.0,7239.0,6747.5,88.21443780275825,6944.464285714285,236.7186488469527,213.0,229.0,202.0,213.28571428571428,15.283043825473811,226.14285714285714,31.792251457665678,-15.428571428571429
2024-07-09,116.0,181.0,182.0,6651.0,130.0,True,52.0,1,7,0,0,6617.0,6823.0,7239.0,6717.785714285715,92.67699354259118,6900.035714285715,235.55357764784128,123.0,184.0,202.0,198.14285714285714,35.82563593959077,220.5,41.83254162086906,-4.571428571428571
2024-07-10,150.0,157.0,201.0,6649.0,177.0,True,24.0,2,7,0,0,6651.0,6806.5,7268.0,6693.214285714285,82.35912294392416,6858.035714285715,222.5269807764177,130.0,204.0,187.0,190.42857142857142,44.211073812099905,215.35714285714286,48.22002000902264,2.2857142857142856
2024-07-11,80.0,176.0,125.0,6640.0,197.0,True,-72.0,3,7,0,0,6649.0,6790.0,7248.0,6670.714285714285,66.17609184661369,6813.821428571428,194.53967653128805,177.0,225.0,268.0,186.57142857142858,44.00703406978186,214.64285714285714,48.7436104575746,7.714285714285714
2024-07-12,92.0,180.0,138.0,6529.333333333333,210.0,False,-72.0,4,7,0,0,6640.0,6726.333333333333,7123.333333333333,6649.285714285715,40.36428039852231,6770.392857142857,153.74609448397524,197.0,221.0,270.0,182.57142857142858,41.10903040637507,209.57142857142858,46.40244404325098,2.2857142857142856
2024-07-13,104.0,184.0,151.0,6418.666666666667,224.0,False,-73.0,5,7,0,0,6529.333333333333,6662.666666666667,6998.666666666667,6621.142857142857,45.97779542096274,6727.964285714285,128.79092874623825,210.0,217.0,271.0,181.0,39.576929306519226,205.28571428571428,43.04099757821263,-5.714285714285714
2024-07-14,116.0,188.0,164.0,6308.0,237.0,True,-73.0,6,7,0,0,6418.666666666667,6599.0,6874.0,6586.285714285715,85.09894645436799,6686.535714285715,128.29923254216945,224.0,213.0,273.0,182.0,40.71035904205736,201.92857142857142,39.18096925356226,-16.428571428571427
2024-07-15,105.0,185.0,158.0,6283.0,171.0,True,-13.0,0,7,0,0,6308.0,6617.0,6825.0,6544.714285714285,134.55790830583535,6646.107142857143,151.72162440690272,237.0,123.0,229.0,185.42857142857142,44.58272140211877,199.35714285714286,35.129665620293785,-29.714285714285715
2024-07-16,136.0,246.0,123.0,6239.0,173.0,True,-50.0,1,7,0,0,6283.0,6651.0,6823.0,6497.0,161.22838643490002,6607.392857142857,170.54524936773032,171.0,130.0,184.0,192.28571428571428,36.30295803243395,195.21428571428572,34.78323772126279,-32.42857142857143
2024-07-17,128.0,228.0,177.0,6228.0,187.0,True,-10.0,2,7,0,0,6239.0,6649.0,6806.5,6438.142857142857,170.57081261519647,6565.678571428572,184.59510397508657,173.0,177.0,204.0,198.42857142857142,26.254251356411206,194.42857142857142,35.178040103092144,-47.0
2024-07-18,118.0,220.0,184.0,6185.5,206.0,False,-22.0,3,7,0,0,6228.0,6640.0,6790.0,6378.0,157.55716187804026,6524.357142857143,191.17189044754645,187.0,197.0,225.0,199.85714285714286,25.142451295423925,193.21428571428572,35.115586220432824,-51.857142857142854
2024-07-19,109.0,212.0,191.0,6143.0,224.0,False,-33.0,4,7,0,0,6185.5,6529.333333333333,6726.333333333333,6313.071428571428,121.00121889198392,6481.178571428572,194.79053470735138,206.0,210.0,221.0,201.14285714285714,25.20204073369388,191.85714285714286,34.14642033915533,-44.714285714285715
2024-07-20,100.0,204.0,198.0,6100.5,243.0,False,-45.0,5,7,0,0,6143.0,6418.666666666667,6662.666666666667,6257.880952380952,90.07490269235093,6439.5119047619055,200.61864218228698,224.0,224.0,217.0,203.14285714285714,26.541970357833293,192.07142857142858,34.35216774195897,-39.142857142857146
2024-07-21,90.0,196.0,205.0,6058.0,262.0,True,-57.0,6,7,0,0,6100.5,6308.0,6599.0,6212.428571428572,74.3148866698237,6399.357142857143,208.61802965128305,243.0,237.0,213.0,205.85714285714286,29.801725741016593,193.92857142857142,36.442714341438446,-35.142857142857146
2024-07-22,102.0,189.0,155.0,6002.0,234.0,True,-79.0,0,7,0,0,6058.0,6283.0,6617.0,6176.714285714285,80.54184064840393,6360.714285714285,218.6568989042929,262.0,171.0,123.0,209.42857142857142,35.170333819176335,197.42857142857142,40.5381383309706,-32.857142857142854
2024-07-23,120.0,257.0,126.0,5965.0,170.0,True,-44.0,1,7,0,0,6002.0,6239.0,6651.0,6136.571428571428,88.38383551727905,6316.785714285715,224.89628595964797,234.0,173.0,130.0,218.42857142857142,31.57455274350388,205.35714285714286,35.389279434615965,-42.285714285714285
2024-07-24,137.0,272.0,166.0,5927.0,177.0,True,-11.0,2,7,0,0,5965.0,6228.0,6649.0,6097.428571428572,95.82120005898345,6267.785714285715,221.17838479377676,170.0,187.0,177.0,218.0,32.305830227167874,208.21428571428572,30.049135585749838,-41.42857142857143
2024-07-25,93.0,198.0,208.0,5954.0,194.0,True,14.0,3,7,0,0,5927.0,6185.5,6640.0,6054.428571428572,94.99492467534857,6216.214285714285,209.30919578090058,177.0,206.0,197.0,216.57142857142858,34.077642440251644,208.21428571428572,30.049135585749838,-41.57142857142857
2024-07-26,113.0,228.66666666666666,205.0,5883.666666666667,198.0,False,7.0,4,7,0,0,5954.0,6143.0,6529.333333333333,6021.357142857143,81.02916876202151,6167.214285714285,180.82767246955552,194.0,224.0,210.0,214.85714285714286,34.98775295932536,208.0,30.145799554323634,-36.42857142857143
2024-07-27,132.0,259.3333333333333,202.0,5813.333333333333,203.0,False,-1.0,5,7,0,0,5883.666666666667,6100.5,6418.666666666667,5984.309523809524,75.22007394037743,6121.0952380952385,162.8056719322095,198.0,243.0,224.0,211.14285714285714,35.2345879850483,207.14285714285714,30.25496054141977,-30.714285714285715
2024-07-28,152.0,290.0,199.0,5743.0,207.0,True,-8.0,6,7,0,0,5813.333333333333,6058.0,6308.0,5943.285714285715,79.47779297705813,6077.857142857143,158.0090316737213,203.0,262.0,237.0,205.42857142857142,32.33087865007117,205.64285714285714,29.87308318371794,-24.428571428571427
2024-07-29,114.0,210.0,219.0,5819.0,163.0,True,56.0,0,7,0,0,5743.0,6002.0,6283.0,5898.285714285715,91.90603667062442,6037.5,166.62507173300463,207.0,234.0,171.0,197.57142857142858,20.982986305233563,203.5,28.494938821864054,-17.428571428571427
2024-07-30,125.0,203.0,208.0,5930.0,92.0,True,116.0,1,7,0,0,5819.0,5965.0,6239.0,5872.142857142857,83.09206343010413,6004.357142857143,160.05398204166224,163.0,170.0,173.0,187.42857142857142,17.270950011091116,202.92857142857142,29.266584478432133,1.8571428571428572
2024-07-31,140.0,261.0,163.0,5963.0,154.0,True,9.0,2,7,0,1,5930.0,5927.0,6228.0,5867.142857142857,77.4335694110694,5982.285714285715,145.88621647162054,92.0,177.0,187.0,176.28571428571428,40.256321597623774,197.14285714285714,41.2083956024997,24.714285714285715
2024-08-01,227.0,298.0,212.0,6016.0,169.0,True,43.0,3,8,1,0,5963.0,5954.0,6185.5,5872.285714285715,83.06254416503084,5963.357142857143,127.59810800867787,154.0,194.0,206.0,173.0,41.11771718695659,194.78571428571428,42.74824075809834,27.571428571428573
2024-08-02,172.0,254.33333333333334,189.0,5991.666666666667,169.0,False,20.0,4,8,0,0,6016.0,5883.666666666667,6143.0,5881.142857142857,95.58917828432693,5951.25,111.9849797244174,169.0,198.0,224.0,169.42857142857142,40.06185693340057,192.14285714285714,43.14351211205336,31.714285714285715
2024-08-03,118.0,210.66666666666669,166.0,5967.333333333333,170.0,False,-4.0,5,8,0,0,5991.666666666667,5813.333333333333,6100.5,5896.571428571428,104.37640471972756,5940.440476190476,98.55020862680348,169.0,203.0,243.0,165.28571428571428,38.064481631891844,188.21428571428572,42.51909719612931,33.57142857142857
2024-08-04,63.0,167.0,143.0,5943.0,170.0,True,-27.0,6,8,0,0,5967.333333333333,5743.0,6058.0,5918.571428571428,100.04771348375931,5930.928571428572,87.74761579816446,170.0,207.0,262.0,160.57142857142858,34.49085455042991,183.0,39.66397319017654,33.142857142857146
2024-08-05,172.0,259.0,138.0,5950.0,150.0,True,-12.0,0,8,0,0,5943.0,5819.0,6002.0,5947.142857142857,63.39612592937696,5922.714285714285,79.97562204958834,170.0,163.0,234.0,155.28571428571428,28.505638539967606,176.42857142857142,32.55224034761108,30.428571428571427
2024-08-06,163.0,283.0,200.0,5998.0,143.0,True,57.0,1,8,0,0,5950.0,5930.0,5965.0,5965.857142857143,29.581561535088575,5919.0,77.16836958933285,150.0,92.0,170.0,153.42857142857142,28.34229550134516,170.42857142857142,28.629501421586962,20.714285714285715
2024-08-07,135.0,273.0,207.0,6038.0,174.0,True,33.0,2,8,0,0,5998.0,5963.0,5927.0,5975.571428571428,26.886396312339553,5921.357142857143,79.15984740321295,143.0,154.0,177.0,160.71428571428572,11.426785574749033,168.5,29.555033412268404,12.285714285714286
2024-08-08,119.0,230.0,213.0,6084.0,174.0,True,39.0,3,8,0,0,6038.0,6016.0,5954.0,5986.285714285715,34.81614598071396,5929.285714285715,85.10414506258643,174.0,169.0,194.0,163.57142857142858,11.95626952490819,168.28571428571428,29.499487795893717,15.714285714285714
2024-08-09,111.0,223.66666666666666,189.0,6020.666666666667,199.0,False,-10.0,4,8,0,0,6084.0,5991.666666666667,5883.666666666667,5996.0,50.46047224358959,5938.571428571428,94.5734850698757,174.0,169.0,198.0,164.28571428571428,12.472827609299214,166.85714285714286,28.62988525423451,15.142857142857142
2024-08-10,103.0,217.33333333333334,164.0,5957.333333333333,224.0,False,-60.0,5,8,0,0,6020.666666666667,5967.333333333333,5813.333333333333,6000.142857142857,51.23000319441958,5948.357142857143,95.53828286179879,199.0,170.0,203.0,168.57142857142858,18.201255843638577,166.92857142857142,28.71468208135468,10.857142857142858
2024-08-11,95.0,211.0,140.0,5894.0,249.0,True,-109.0,6,8,0,0,5957.333333333333,5943.0,5743.0,5998.714285714285,52.422934112380304,5958.642857142857,87.27777292086945,224.0,170.0,207.0,176.28571428571428,27.813152079031077,168.42857142857142,31.186077479730127,2.857142857142857
2024-08-12,109.0,219.0,155.0,5903.0,148.0,True,7.0,0,8,0,0,5894.0,5950.0,5819.0,5991.714285714285,63.254754927599194,5969.428571428572,65.08842487431897,249.0,150.0,163.0,187.57142857142858,38.724915075684066,171.42857142857142,36.712425659475215,-8.857142857142858
2024-08-13,162.0,239.0,189.0,5981.0,123.0,True,66.0,1,8,0,0,5903.0,5998.0,5930.0,5985.0,70.50006566695907,5975.428571428572,52.88197285105424,148.0,143.0,92.0,187.28571428571428,39.054296757693514,170.35714285714286,37.19306623316333,-6.142857142857143
2024-08-14,109.0,226.0,191.0,5987.0,178.0,True,13.0,2,8,0,0,5981.0,6038.0,5963.0,5982.571428571428,70.27003847063462,5979.071428571428,51.243040566165234,123.0,174.0,154.0,184.42857142857142,43.33150179279434,172.57142857142858,32.836926413171355,-4.857142857142857
2024-08-15,124.0,241.0,156.0,5895.0,220.0,True,-64.0,3,8,0,0,5987.0,6084.0,6016.0,5975.285714285715,66.08452179557499,5980.785714285715,51.06516820953194,178.0,174.0,169.0,185.0,43.197222132909104,174.28571428571428,32.416587803707166,-7.714285714285714
2024-08-16,111.0,242.0,182.0,5870.333333333333,206.0,False,-24.0,4,8,0,0,5895.0,6020.666666666667,5991.666666666667,5948.285714285715,51.197304821137514,5972.142857142857,54.75317019156376,220.0,199.0,169.0,191.57142857142858,44.71710017005739,177.92857142857142,34.570917714874675,-22.428571428571427
2024-08-17,99.0,243.0,209.0,5845.666666666667,192.0,False,17.0,5,8,0,0,5870.333333333333,5957.333333333333,5967.333333333333,5926.809523809525,47.1451097723268,5963.47619047619,60.70437181239728,206.0,224.0,170.0,192.57142857142858,44.98835828247438,180.57142857142858,35.24357941682668,-24.428571428571427
2024-08-18,86.0,244.0,235.0,5821.0,178.0,True,57.0,6,8,0,0,5845.666666666667,5894.0,5943.0,5910.857142857143,53.552278762244306,5954.785714285715,68.33859981578165,192.0,249.0,170.0,188.0,42.83689998120657,182.14285714285714,35.22642614432203,-13.428571428571429
2024-08-19,176.0,254.0,162.0,5865.0,158.0,True,4.0,0,8,0,0,5821.0,5903.0,5950.0,5900.428571428572,63.55566655385487,5946.071428571428,77.1655096084612,178.0,148.0,150.0,177.85714285714286,33.33880907405174,182.71428571428572,35.07887501798978,10.285714285714286
2024-08-20,136.0,274.0,245.0,5995.0,112.0,True,133.0,1,8,0,0,5865.0,5981.0,5998.0,5895.0,64.9079119739558,5940.0,80.11999547760564,158.0,123.0,143.0,179.28571428571428,32.03495115085991,183.28571428571428,34.566387789808736,9.857142857142858
2024-08-21,134.0,245.0,167.0,6028.0,156.0,True,11.0,2,8,0,0,5995.0,5987.0,6038.0,5897.0,68.13494235817794,5939.785714285715,79.9567839629958,112.0,178.0,174.0,177.71428571428572,35.35399216361068,181.07142857142858,38.15245588569848,19.428571428571427
2024-08-22,182.0,307.0,205.0,6054.0,171.0,True,34.0,3,8,0,0,6028.0,5895.0,6084.0,5902.857142857143,78.18256344796697,5939.071428571428,79.05144690484269,156.0,220.0,174.0,174.57142857142858,36.289838535770045,179.78571428571428,38.708334565509865,19.142857142857142
2024-08-23,175.0,302.6,208.0,6073.6,156.0,False,52.0,4,8,0,0,6054.0,5870.333333333333,6020.666666666667,5925.571428571428,96.47619439239604,5936.928571428572,75.12999316607089,171.0,206.0,199.0,167.57142857142858,30.297728973509756,179.57142857142858,38.75110774737456,33.142857142857146
2024-08-24,169.0,298.2,212.0,6093.2,141.0,False,71.0,5,8,0,0,6073.6,5845.666666666667,5957.333333333333,5954.609523809523,107.08615727137612,5940.7095238095235,80.78726990906938,156.0,192.0,224.0,160.42857142857142,25.19164638563568,176.5,38.796807957518816,44.0
2024-08-25,162.0,293.8,215.0,6112.8,127.0,False,88.0,6,8,0,0,6093.2,5821.0,5894.0,5989.971428571429,105.9797105459614,5950.414285714286,90.51307570928273,141.0,178.0,249.0,153.14285714285714,21.667399255010867,170.57142857142858,37.29242918777984,51.714285714285715
2024-08-26,156.0,289.4,219.0,6132.4,112.0,False,107.0,0,8,0,0,6112.8,5865.0,5903.0,6031.657142857142,83.4284295485169,5966.042857142857,98.55534817844001,127.0,158.0,148.0,145.85714285714286,20.456690604201775,161.85714285714286,31.334073718948392,56.142857142857146
2024-08-27,149.0,285.0,222.0,6152.0,97.0,True,125.0,1,8,0,0,6132.4,5995.0,5981.0,6069.857142857143,48.16924527400496,5982.428571428572,106.05240025396813,112.0,112.0,123.0,139.28571428571428,23.12080077703339,159.28571428571428,33.92849624052293,70.85714285714286
2024-08-28,170.0,285.0,178.0,6227.0,134.0,True,44.0,2,8,0,0,6152.0,6028.0,5987.0,6092.285714285715,43.86385864274121,5994.642857142857,115.31770045915697,97.0,156.0,178.0,137.14285714285714,26.51684100986944,157.42857142857142,36.668398227516754,69.71428571428571
2024-08-29,145.0,295.0,188.0,6250.0,169.0,True,19.0,3,8,0,0,6227.0,6054.0,5895.0,6120.714285714285,57.59373312290085,6011.785714285715,130.88261898080714,134.0,171.0,220.0,134.0,25.179356624025026,154.28571428571428,36.6552096652676,74.42857142857143
2024-08-30,142.0,288.75,190.0,6235.5,159.0,False,31.0,4,8,0,0,6250.0,6073.6,5870.333333333333,6148.714285714285,66.68111747988902,6037.142857142857,140.54803080179826,169.0,156.0,206.0,133.71428571428572,24.696249956311068,150.64285714285714,31.840001794692995,72.28571428571429
2024-08-31,139.0,282.5,193.0,6221.0,149.0,False,44.0,5,8,0,1,6235.5,6093.2,5845.666666666667,6171.842857142858,64.32122140947044,6063.226190476191,141.09301664815888,159.0,141.0,192.0,134.14285714285714,25.16895290781926,147.28571428571428,27.77222899403375,69.28571428571429
2024-09-01,136.0,276.25,196.0,6206.5,139.0,False,57.0,6,9,1,0,6221.0,6112.8,5821.0,6190.099999999999,55.859615702797576,6090.035714285715,131.93589123402577,149.0,127.0,178.0,135.28571428571428,25.708068031351488,144.21428571428572,24.648852591272593,65.42857142857143
2024-09-02,133.0,270.0,198.0,6192.0,129.0,True,69.0,0,9,0,0,6206.5,6132.4,5865.0,6203.4857142857145,44.27416208546126,6117.571428571428,109.84630121320025,139.0,112.0,158.0,137.0,25.462390565953736,141.42857142857142,22.660417151828042,61.0
2024-09-03,131.0,263.0,177.0,6272.0,112.0,True,65.0,1,9,0,0,6192.0,6152.0,5995.0,6212.0,32.487176954382704,6140.928571428572,83.65231551021299,129.0,97.0,112.0,139.42857142857142,23.408382706889864,139.35714285714286,22.352446580458018,55.57142857142857
2024-09-04,121.0,231.0,219.0,6375.0,114.0,True,105.0,2,9,0,0,6272.0,6227.0,6028.0,6229.142857142857,26.693810586147883,6160.714285714285,79.11732142559013,112.0,134.0,156.0,141.57142857142858,19.182084895866325,139.35714285714286,22.352446580458018,47.0
2024-09-05,126.0,230.0,175.0,6448.0,121.0,True,54.0,3,9,0,0,6375.0,6250.0,6054.0,6250.285714285715,61.122729774109914,6185.5,88.17761795263574,114.0,169.0,171.0,138.71428571428572,21.807600247878423,136.35714285714286,22.761665286041218,55.714285714285715
2024-09-06,125.0,238.33333333333334,171.0,6402.666666666667,154.0,False,17.0,4,9,0,0,6448.0,6235.5,6073.6,6278.571428571428,96.52824654345824,6213.642857142857,104.3678827281774,121.0,159.0,156.0,131.85714285714286,17.89253635297934,132.78571428571428,20.740812874178612,60.714285714285715
2024-09-07,124.0,246.66666666666666,168.0,6357.333333333333,188.0,False,-20.0,5,9,0,0,6402.666666666667,6221.0,6093.2,6302.452380952381,104.44982466629338,6237.147619047619,107.41289113526355,154.0,149.0,141.0,131.14285714285714,16.68760589407659,132.64285714285714,20.57484327581988,58.714285714285715
2024-09-08,123.0,255.0,164.0,6312.0,221.0,True,-57.0,6,9,0,0,6357.333333333333,6206.5,6112.8,6321.928571428572,99.31496181349632,6256.0142857142855,103.30248812990975,188.0,139.0,127.0,136.71428571428572,26.97971018941082,136.0,25.32860954610082,49.57142857142857
2024-09-09,144.0,275.0,190.0,6353.0,141.0,True,49.0,0,9,0,0,6312.0,6192.0,6132.4,6337.0,85.98987881759481,6270.242857142856,95.48177024664979,221.0,129.0,112.0,148.42857142857142,41.84438290801086,142.71428571428572,33.80129394753738,33.285714285714285
2024-09-10,131.0,251.0,180.0,6396.0,148.0,True,32.0,1,9,0,0,6353.0,6272.0,6152.0,6360.0,57.58118262418014,6286.0,88.96414816219301,141.0,112.0,97.0,150.14285714285714,41.15591723931537,144.78571428571428,32.64300742986597,30.428571428571427
2024-09-11,93.0,248.0,175.0,6410.0,162.0,True,13.0,2,9,0,0,6396.0,6375.0,6227.0,6377.714285714285,43.29931509433157,6303.428571428572,84.48098745067773,148.0,114.0,134.0,155.28571428571428,37.69931160164538,148.42857142857142,29.60435073461207,25.714285714285715
2024-09-12,184.0,280.0,210.0,6360.0,220.0,True,-10.0,3,9,0,0,6410.0,6448.0,6250.0,6382.714285714285,44.923980466692875,6316.5,85.891503814139,162.0,121.0,169.0,162.14285714285714,33.012263233674105,150.42857142857142,29.50023281711648,12.571428571428571
2024-09-13,81.0,200.0,212.0,6326.0,279.0,True,-67.0,4,9,0,0,6360.0,6402.666666666667,6235.5,6370.142857142857,34.776459224729145,6324.357142857143,84.35787767811047,220.0,154.0,159.0,176.28571428571428,33.64874581968812,154.07142857142858,34.66646414424277,3.4285714285714284
2024-09-14,90.0,210.0,190.0,6280.0,244.0,False,-54.0,5,9,0,0,6326.0,6357.333333333333,6221.0,6359.190476190476,34.89871967174725,6330.821428571428,80.39965515058398,279.0,188.0,149.0,194.14285714285714,49.35392105810266,162.64285714285714,48.18012220640886,-8.571428571428571
2024-09-15,98.0,220.0,167.0,6234.0,210.0,True,-43.0,6,9,0,0,6280.0,6312.0,6206.5,6348.142857142857,46.045009034083755,6335.035714285715,75.60361595938954,244.0,221.0,139.0,202.14285714285714,52.6226458584398,169.42857142857142,52.59820746538547,-13.428571428571429
2024-09-16,113.0,209.0,160.0,6229.0,164.0,True,-4.0,0,9,0,0,6234.0,6353.0,6192.0,6337.0,62.68173577530704,6337.0,72.2919058970138,210.0,141.0,129.0,200.57142857142858,52.12759072013234,174.5,52.86084780600407,-11.428571428571429
2024-09-17,159.0,304.0,139.0,6227.0,160.0,True,-21.0,1,9,0,0,6229.0,6396.0,6272.0,6319.285714285715,73.92048494864297,6339.642857142857,67.07101279333486,164.0,148.0,112.0,203.85714285714286,48.33366173944174,177.0,51.3494813096444,-19.0
2024-09-18,116.0,213.0,217.0,6245.0,149.0,True,68.0,2,9,0,0,6227.0,6410.0,6375.0,6295.142857142857,72.26900804364668,6336.428571428572,71.49447753192817,160.0,162.0,114.0,205.57142857142858,46.18750604098075,180.42857142857142,48.18029326748584,-26.571428571428573
2024-09-19,93.0,196.0,169.0,6270.0,188.0,True,-19.0,3,9,0,0,6245.0,6360.0,6448.0,6271.571428571428,52.86730918776032,6327.142857142857,74.47935689355842,149.0,220.0,121.0,203.71428571428572,48.43798194844633,182.92857142857142,45.28960533774421,-18.714285714285715
2024-09-20,103.0,208.66666666666666,166.0,6176.333333333333,191.0,False,-25.0,4,9,0,0,6270.0,6326.0,6402.666666666667,6258.714285714285,36.04494548531389,6314.428571428572,67.08719018408098,188.0,279.0,154.0,199.14285714285714,48.154018771120604,187.71428571428572,41.634727685560975,-20.0
2024-09-21,114.0,221.33333333333334,164.0,6082.666666666667,194.0,False,-30.0,5,9,0,0,6176.333333333333,6280.0,6357.333333333333,6237.333333333334,33.800065743196484,6298.261904761904,71.32496698811397,191.0,244.0,188.0,186.57142857142858,32.90317686210474,190.35714285714286,40.4885684585716,-14.0
2024-09-22,124.0,234.0,161.0,5989.0,197.0,True,-36.0,6,9,0,0,6082.666666666667,6234.0,6312.0,6209.142857142857,62.44074439534603,6278.642857142857,89.32974201467411,194.0,210.0,221.0,179.42857142857142,21.96859229943825,190.78571428571428,40.493453547703766,-10.571428571428571
2024-09-23,92.0,203.0,173.0,6002.0,165.0,True,8.0,0,9,0,0,5989.0,6229.0,6353.0,6174.142857142857,102.19513961359891,6255.571428571428,117.36388213750942,197.0,164.0,141.0,177.57142857142858,19.346465162545897,189.07142857142858,39.61441906430616,-9.571428571428571
2024-09-24,186.0,259.0,172.0,6023.0,143.0,True,29.0,1,9,0,0,6002.0,6227.0,6396.0,6141.714285714285,116.85150889941355,6230.5,131.5796694091333,165.0,160.0,148.0,177.71428571428572,19.232908305938803,190.78571428571428,37.8543332981947,-7.857142857142857
2024-09-25,154.0,225.0,220.0,6050.0,169.0,True,51.0,2,9,0,0,6023.0,6245.0,6410.0,6112.571428571428,117.47335620378935,6203.857142857143,133.24354119412234,143.0,149.0,162.0,175.28571428571428,22.617944835269938,190.42857142857142,38.309898872858106,-0.7142857142857143
2024-09-26,91.0,199.0,172.0,6090.0,185.0,True,-13.0,3,9,0,0,6050.0,6270.0,6360.0,6084.714285714285,103.0741244545233,6178.142857142857,124.87530288231879,169.0,188.0,220.0,178.14285714285714,19.836234281639214,190.92857142857142,37.954353729621445,-3.142857142857143
2024-09-27,88.0,203.66666666666666,166.0,6035.0,182.0,False,-16.0,4,9,0,0,6090.0,6176.333333333333,6326.0,6059.0,64.30943712623947,6158.857142857143,115.09525703967391,185.0,191.0,279.0,177.71428571428572,19.618989828853316,188.42857142857142,37.03369419184065,-2.2857142857142856
2024-09-28,84.0,208.33333333333334,159.0,5980.0,180.0,False,-21.0,5,9,0,0,6035.0,6082.666666666667,6280.0,6038.809523809524,38.23071149450777,6138.071428571428,108.68626365514284,182.0,194.0,244.0,176.42857142857142,18.884359867862457,181.5,26.305161821623873,-1.0
2024-09-29,81.0,213.0,153.0,5925.0,177.0,True,-24.0,6,9,0,0,5980.0,5989.0,6234.0,6024.142857142857,38.294597403085405,6116.642857142857,108.12366015511184,180.0,197.0,210.0,174.42857142857142,17.3959491726934,176.92857142857142,19.213233763441274,0.2857142857142857
2024-09-30,209.0,285.0,184.0,5967.0,138.0,True,46.0,0,9,0,1,5925.0,6002.0,6229.0,6015.0,52.927623535551184,6094.571428571428,113.71815726581424,177.0,165.0,164.0,171.57142857142858,14.466710555119151,174.57142857142858,16.7042799016677,2.0
2024-10-01,184.0,314.0,217.0,6040.0,137.0,True,80.0,1,10,1,0,5967.0,6023.0,6227.0,6010.0,55.92852581453781,6075.857142857143,111.42915531659843,138.0,143.0,160.0,167.71428571428572,19.302109433202013,172.71428571428572,19.225098064891412,7.428571428571429
2024-10-02,107.0,215.0,230.0,6091.0,173.0,True,57.0,2,10,0,0,6040.0,6050.0,6245.0,6012.428571428572,56.94692599903823,6062.5,102.79094625789354,137.0,169.0,149.0,166.85714285714286,20.6674347015476,171.07142857142858,21.269205929686702,14.714285714285714
2024-10-03,101.0,162.0,178.0,6118.0,193.0,True,-15.0,3,10,0,0,6091.0,6090.0,6270.0,6018.285714285715,63.218442153847136,6051.5,89.08497336109765,173.0,185.0,188.0,167.42857142857142,20.79148177224489,172.78571428571428,20.29845985605234,15.571428571428571
2024-10-04,100.0,169.0,178.0,6080.5,183.0,False,-5.0,4,10,0,0,6118.0,6035.0,6176.333333333333,6022.285714285715,69.12238972787961,6040.642857142857,66.90948909904485,193.0,182.0,191.0,168.57142857142858,22.097187927100425,173.14285714285714,20.6280508899115,15.285714285714286
2024-10-05,100.0,176.0,177.0,6043.0,173.0,False,4.0,5,10,0,0,6080.5,5980.0,6082.666666666667,6028.785714285715,72.57057320310055,6033.797619047619,55.96710643367023,183.0,180.0,194.0,168.71428571428572,22.20145855354194,172.57142857142858,20.2017298791511,16.857142857142858
2024-10-06,100.0,183.0,176.0,6005.5,163.0,False,13.0,6,10,0,0,6043.0,5925.0,5989.0,6037.785714285715,69.34686795398247,6030.964285714285,54.28148299116639,173.0,177.0,197.0,167.71428571428572,21.761696362446244,171.07142857142858,19.245236316538698,20.428571428571427
2024-10-07,99.0,190.0,176.0,5968.0,153.0,True,23.0,0,10,0,0,6005.5,5967.0,6002.0,6049.285714285715,52.0415356072538,6032.142857142857,53.473368128601514,163.0,138.0,165.0,165.71428571428572,21.40649656618221,168.64285714285714,17.8135952526288,25.714285714285715
2024-10-08,167.0,239.0,166.0,6013.0,123.0,True,43.0,1,10,0,0,5968.0,6040.0,6023.0,6049.428571428572,51.778718737289694,6029.714285714285,55.674436299425594,153.0,137.0,143.0,167.85714285714286,18.756586144855934,167.78571428571428,18.284834285151998,22.428571428571427
2024-10-09,115.0,216.0,169.0,6047.0,137.0,True,32.0,2,10,0,0,6013.0,6091.0,6050.0,6045.571428571428,53.57271426832077,6029.0,55.831132755223194,123.0,173.0,169.0,165.85714285714286,22.886885410850457,166.35714285714286,20.956391141383033,17.142857142857142
2024-10-10,84.0,158.0,193.0,6075.0,159.0,True,34.0,3,10,0,0,6047.0,6118.0,6090.0,6039.285714285715,49.80282550579342,6028.785714285715,55.75003079982929,137.0,193.0,185.0,160.71428571428572,24.964737035225617,164.07142857142858,22.34507099569186,13.571428571428571
2024-10-11,99.0,181.0,193.0,6013.0,176.0,False,17.0,4,10,0,0,6075.0,6080.5,6035.0,6033.142857142857,40.202315732615894,6027.714285714285,54.615690295826646,159.0,183.0,182.0,155.85714285714286,20.55422561119868,162.21428571428572,21.53772565462615,20.571428571428573
2024-10-12,115.0,204.0,192.0,5951.0,193.0,False,-1.0,5,10,0,0,6013.0,6043.0,5980.0,6023.5,34.66386206298362,6026.142857142857,54.70635899419565,176.0,173.0,180.0,154.85714285714286,19.134859736687943,161.78571428571428,21.17029330646211,23.714285714285715
2024-10-13,130.0,227.0,192.0,5889.0,210.0,True,-18.0,6,10,0,0,5951.0,6005.5,5925.0,6010.357142857143,42.57612230186885,6024.071428571428,57.08524568434006,193.0,163.0,177.0,157.71428571428572,23.328911145571336,162.71428571428572,22.286348258107086,23.0
2024-10-14,88.0,214.0,160.0,5935.0,106.0,True,54.0,0,10,0,0,5889.0,5968.0,5967.0,5993.714285714285,62.77131586182259,6021.5,62.44997998491519,210.0,153.0,138.0,164.42857142857142,30.702101680812053,165.07142857142858,25.436086678080322,18.571428571428573
2024-10-15,113.0,208.0,159.0,6013.0,107.0,True,52.0,1,10,0,0,5935.0,6013.0,6040.0,5989.0,66.17149436466589,6019.214285714285,65.1264197508735,106.0,123.0,137.0,157.71428571428572,37.91092316520349,162.78571428571428,29.213217691866845,23.0
2024-10-16,174.0,285.0,150.0,6036.0,129.0,True,21.0,2,10,0,0,6013.0,6047.0,6091.0,5989.0,66.17149436466589,6017.285714285715,64.86278839826285,107.0,137.0,173.0,155.42857142857142,40.730239146759814,160.64285714285714,32.197962531953934,24.285714285714285
2024-10-17,104.0,230.0,206.0,6076.0,160.0,True,46.0,3,10,0,0,6036.0,6075.0,6118.0,5987.428571428572,64.67832491702279,6013.357142857143,61.640218069318735,129.0,159.0,193.0,154.28571428571428,41.43957161021285,157.5,33.035528660012055,22.714285714285715
2024-10-18,118.0,245.33333333333334,209.0,6023.333333333333,172.0,False,37.0,4,10,0,0,6076.0,6013.0,6080.5,5987.571428571428,64.90469202920013,6010.357142857143,57.00318094176375,160.0,176.0,183.0,154.42857142857142,41.46025061371729,155.14285714285714,31.44679791173383,24.428571428571427
2024-10-19,133.0,260.6666666666667,211.0,5970.666666666667,183.0,False,28.0,5,10,0,0,6023.333333333333,5951.0,6043.0,5989.047619047619,65.69216328639712,6006.273809523809,53.534061653658995,172.0,193.0,173.0,153.85714285714286,41.139715488516124,154.35714285714286,30.828576011574533,27.285714285714285
2024-10-20,147.0,276.0,214.0,5918.0,195.0,True,19.0,6,10,0,0,5970.666666666667,5889.0,6005.5,5991.857142857143,64.19728191346968,6001.107142857143,53.20640373266769,183.0,210.0,163.0,152.42857142857142,39.70246483891871,155.07142857142858,31.40422383574546,31.428571428571427
2024-10-21,108.0,220.0,213.0,5966.0,154.0,True,59.0,0,10,0,0,5918.0,5935.0,5968.0,5996.0,56.98375336826161,5994.857142857143,57.607827443666906,195.0,106.0,153.0,150.28571428571428,36.339667425160734,157.35714285714286,33.14213479698348,36.714285714285715
2024-10-22,180.0,280.0,146.0,6043.0,109.0,True,37.0,1,10,0,0,5966.0,6013.0,6013.0,6000.428571428572,52.47952485386556,5994.714285714285,57.68198361125214,154.0,107.0,123.0,157.14285714285714,30.678051716866307,157.42857142857142,33.13309822220859,37.42857142857143
2024-10-23,134.0,294.0,186.0,6077.0,138.0,True,48.0,2,10,0,0,6043.0,6036.0,6047.0,6004.714285714285,54.848757900005786,5996.857142857143,58.95670065403916,109.0,129.0,137.0,157.42857142857142,30.13777885454701,156.42857142857142,34.43771252502654,35.285714285714285
2024-10-24,151.0,298.75,179.0,6051.25,152.0,False,27.0,3,10,0,0,6077.0,6076.0,6075.0,6010.571428571428,60.63085459473633,5999.0,61.41340926641487,138.0,160.0,159.0,158.71428571428572,28.888949938883147,156.5,34.395326158342904,39.142857142857146
2024-10-25,168.0,303.5,172.0,6025.5,165.0,False,7.0,4,10,0,0,6051.25,6023.333333333333,6013.0,6007.035714285715,56.77872614962033,5997.303571428572,59.44917752671914,152.0,172.0,176.0,157.57142857142858,28.987682113021403,156.0,34.40706546403632,36.42857142857143
2024-10-26,185.0,308.25,165.0,5999.75,178.0,False,-13.0,5,10,0,0,6025.5,5970.666666666667,5951.0,6007.345238095238,56.88817874338866,5998.196428571428,59.79591008128802,165.0,183.0,193.0,156.57142857142858,28.524008267053098,155.21428571428572,34.038843357893136,32.142857142857146
2024-10-27,202.0,313.0,158.0,5974.0,192.0,True,-34.0,6,10,0,0,5999.75,5918.0,5889.0,6011.5,54.786137234896636,6001.678571428572,58.23514499380358,178.0,195.0,210.0,155.85714285714286,27.805446537373253,154.14285714285714,32.97751481717223,26.285714285714285
2024-10-28,110.0,272.0,193.0,6008.0,156.0,True,37.0,0,10,0,0,5974.0,5966.0,5935.0,6019.5,41.28180591723249,6007.75,49.33471931643547,192.0,154.0,106.0,155.42857142857142,27.116152276559795,152.85714285714286,30.918894255428263,18.714285714285715
2024-10-29,166.0,277.0,229.0,6106.0,126.0,True,103.0,1,10,0,0,6008.0,6043.0,6013.0,6025.5,34.74460389453873,6012.964285714285,44.69361168708155,156.0,109.0,107.0,155.71428571428572,27.109126911515002,156.42857142857142,27.822830375614483,15.571428571428571
2024-10-30,136.0,276.0,178.0,6149.0,160.0,True,18.0,2,10,0,0,6106.0,6077.0,6036.0,6034.5,46.27836967513992,6019.607142857143,51.145045008603084,126.0,138.0,129.0,158.14285714285714,22.615839371468358,157.78571428571428,25.601017321825534,25.0
2024-10-31,87.0,246.0,173.0,6148.0,177.0,True,-4.0,3,10,0,1,6149.0,6051.25,6076.0,6044.785714285715,62.468063267248326,6027.678571428572,61.74844592365554,160.0,152.0,160.0,161.28571428571428,20.806363495446128,160.0,24.22331997826783,20.714285714285715
2024-11-01,86.0,221.0,168.0,6095.333333333333,179.0,False,-11.0,4,11,1,0,6148.0,6025.5,6023.333333333333,6058.607142857143,73.81026593186873,6032.821428571428,68.69067648178203,177.0,165.0,172.0,164.85714285714286,21.090507907810075,161.21428571428572,24.64573163678458,16.285714285714285
2024-11-02,85.0,196.0,162.0,6042.666666666667,182.0,False,-20.0,5,11,0,0,6095.333333333333,5999.75,5970.666666666667,6068.583333333334,73.3073344050149,6037.964285714285,70.59458795624086,179.0,178.0,183.0,166.85714285714286,21.759508047657427,161.71428571428572,24.950500446439705,13.714285714285714
2024-11-03,84.0,171.0,157.0,5990.0,184.0,True,-27.0,6,11,0,0,6042.666666666667,5974.0,5918.0,6074.714285714285,68.20840302468235,6043.107142857143,67.88542563427266,182.0,192.0,195.0,167.42857142857142,22.149922068010223,161.64285714285714,24.88622461974679,12.714285714285714
2024-11-04,167.0,209.0,157.0,6007.0,132.0,True,25.0,0,11,0,0,5990.0,6008.0,5966.0,6077.0,64.43457778713389,6048.25,59.940925335113484,184.0,156.0,154.0,166.28571428571428,20.83838034104312,160.85714285714286,23.906410929221487,13.714285714285714
2024-11-05,109.0,245.0,159.0,6045.0,126.0,True,33.0,1,11,0,0,6007.0,6106.0,6043.0,6076.857142857143,64.61391236993043,6051.178571428572,56.5170617273514,132.0,126.0,109.0,162.85714285714286,24.470584868559985,159.28571428571428,25.085786878171138,12.0
2024-11-06,156.0,256.0,176.0,6086.0,137.0,True,39.0,2,11,0,0,6045.0,6149.0,6077.0,6068.142857142857,64.14014087721152,6051.321428571428,56.49732291943108,126.0,160.0,138.0,162.85714285714286,24.470584868559985,160.5,22.768905922845626,2.0
2024-11-07,125.0,232.0,192.0,6084.0,177.0,True,15.0,3,11,0,0,6086.0,6148.0,6051.25,6059.142857142857,54.61645971452214,6051.964285714285,56.862009781602886,137.0,177.0,152.0,159.57142857142858,26.387226346957796,160.42857142857142,22.84635734545798,5.0
2024-11-08,123.0,208.75,186.0,6053.75,169.0,False,17.0,4,11,0,0,6084.0,6095.333333333333,6025.5,6050.0,40.89598368142405,6054.303571428572,57.5004422804464,177.0,179.0,165.0,159.57142857142858,26.387226346957796,162.21428571428572,23.112362896978606,7.714285714285714
2024-11-09,122.0,185.5,180.0,6023.5,161.0,False,19.0,5,11,0,0,6053.75,6042.666666666667,5999.75,6044.059523809524,35.93237972202649,6056.321428571428,56.904486413509744,169.0,182.0,178.0,158.14285714285714,25.412782685282448,162.5,23.174090306606978,11.714285714285714
2024-11-10,120.0,162.25,174.0,5993.25,153.0,False,21.0,6,11,0,0,6023.5,5990.0,5974.0,6041.321428571428,36.77655341031444,6058.017857142857,55.42298670996871,161.0,184.0,192.0,155.14285714285714,23.27680226769536,161.28571428571428,22.740775209811417,17.285714285714285
2024-11-11,118.0,139.0,168.0,5963.0,145.0,True,23.0,0,11,0,0,5993.25,6007.0,6008.0,6041.785714285715,36.0336730715514,6059.392857142857,53.379341420334974,153.0,132.0,156.0,150.71428571428572,19.51678154575238,158.5,21.011901389458348,24.142857142857142
2024-11-12,142.0,235.0,139.0,5975.0,138.0,True,1.0,1,11,0,0,5963.0,6045.0,6106.0,6035.5,45.663853317355716,6056.178571428572,57.87740190185107,145.0,126.0,126.0,152.57142857142858,17.99867720006784,157.71428571428572,21.316041526839584,23.857142857142858
2024-11-13,148.0,245.0,175.0,5966.0,151.0,True,24.0,2,11,0,0,5975.0,6086.0,6149.0,6025.5,50.63122389515898,6046.821428571428,59.76191060032402,138.0,137.0,160.0,154.28571428571428,15.43496340254677,158.57142857142858,20.1521683724162,19.285714285714285
2024-11-14,119.0,219.0,210.0,6025.0,172.0,True,38.0,3,11,0,0,5966.0,6084.0,6148.0,6008.357142857143,46.9112320267072,6033.75,55.559316113081834,151.0,177.0,177.0,156.28571428571428,13.622460444842327,157.92857142857142,20.24642147190227,17.142857142857142
2024-11-15,114.0,216.0,190.0,5955.333333333333,180.0,False,10.0,4,11,0,0,6025.0,6053.75,6095.333333333333,5999.928571428572,34.789460291960886,6024.964285714285,44.78302050593582,172.0,169.0,179.0,155.57142857142858,12.434590770062039,157.57142857142858,19.925686111983463,20.428571428571427
2024-11-16,110.0,213.0,169.0,5885.666666666667,187.0,False,-18.0,5,11,0,0,5955.333333333333,6023.5,6042.666666666667,5985.869047619048,28.781177018664483,6014.964285714285,43.47272593241066,180.0,161.0,182.0,157.14285714285714,14.870872776764768,157.64285714285714,20.010024960039964,19.428571428571427
2024-11-17,105.0,210.0,149.0,5816.0,195.0,True,-46.0,6,11,0,0,5885.666666666667,5993.25,5990.0,5966.178571428572,42.58435062055418,6003.75,54.60221341226742,187.0,153.0,184.0,160.85714285714286,18.738806182431365,158.0,20.51640994237051,14.142857142857142
2024-11-18,143.0,203.0,163.0,5819.0,138.0,True,25.0,0,11,0,0,5816.0,5963.0,6007.0,5940.857142857143,68.57244267169773,5991.321428571428,74.24318191704683,195.0,145.0,132.0,166.85714285714286,22.20682005922359,158.78571428571428,21.76157011950781,4.571428571428571
2024-11-19,119.0,209.0,152.0,5844.0,146.0,True,6.0,1,11,0,0,5819.0,5975.0,6045.0,5920.285714285715,81.25028286344995,5977.892857142857,87.08127790901558,138.0,138.0,126.0,165.85714285714286,23.47643195084666,159.21428571428572,21.246460597294977,4.857142857142857
2024-11-20,155.0,212.0,181.0,5879.0,148.0,True,33.0,2,11,0,0,5844.0,5966.0,6086.0,5901.571428571428,81.63326171218733,5963.535714285715,91.61754927902302,146.0,151.0,137.0,167.0,22.04540768504584,160.64285714285714,19.43671048006919,5.571428571428571
2024-11-21,109.0,214.0,173.0,5850.0,210.0,True,-37.0,3,11,0,0,5879.0,6025.0,6084.0,5889.142857142857,76.66059327077286,5948.75,86.9160612862849,148.0,172.0,177.0,166.57142857142858,22.43403027290442,161.42857142857142,18.612296537985255,6.857142857142857
2024-11-22,136.0,237.0,179.0,5788.0,209.0,False,-30.0,4,11,0,0,5850.0,5955.333333333333,6053.75,5864.142857142857,48.23739794625499,5932.035714285715,81.21911454001949,210.0,180.0,169.0,172.0,27.89862601156583,163.78571428571428,22.433417968703573,-3.857142857142857
2024-11-23,164.0,260.0,186.0,5726.0,208.0,False,-22.0,5,11,0,0,5788.0,5885.666666666667,6023.5,5840.2380952380945,35.220845195499045,5913.053571428572,81.63827088265379,209.0,187.0,161.0,176.14285714285714,31.23795005773287,166.64285714285714,25.48787688553468,-9.571428571428571
2024-11-24,191.0,283.0,192.0,5664.0,207.0,True,-15.0,6,11,0,0,5726.0,5816.0,5993.25,5817.428571428572,49.64492972494792,5891.803571428572,89.05972263479921,208.0,195.0,153.0,179.14285714285714,33.388763436363085,170.0,27.687820149222336,-10.142857142857142
2024-11-25,170.0,297.0,196.0,5715.0,129.0,True,67.0,0,11,0,0,5664.0,5819.0,5963.0,5795.714285714285,76.4040013896267,5868.285714285715,102.64617320855064,207.0,138.0,145.0,180.85714285714286,34.62382884386732,173.85714285714286,28.873349817273013,-5.714285714285714
2024-11-26,152.0,272.0,214.0,5826.0,112.0,True,102.0,1,11,0,0,5715.0,5844.0,5975.0,5780.857142857143,81.08930996284244,5850.571428571428,106.3751166663947,129.0,146.0,138.0,179.57142857142858,36.591698251820375,172.71428571428572,30.380734207541845,0.2857142857142857
2024-11-27,239.0,367.0,224.0,5862.0,211.0,True,13.0,2,11,0,0,5826.0,5879.0,5966.0,5778.285714285715,79.0120545339656,5839.928571428572,100.24552581432009,112.0,148.0,151.0,174.71428571428572,43.41165083904684,170.85714285714286,33.31864145087798,14.0
2024-11-28,113.0,280.0,237.0,5963.0,143.0,True,94.0,3,11,0,0,5862.0,5850.0,6025.0,5775.857142857143,75.58753991399401,5832.5,93.83279819561163,211.0,210.0,172.0,183.71428571428572,43.48070179483453,175.14285714285714,34.40898170504773,11.142857142857142
2024-11-29,141.0,288.6666666666667,220.0,5970.666666666667,145.0,False,75.0,4,11,0,0,5963.0,5788.0,5955.333333333333,5792.0,101.63824739293658,5828.071428571428,85.10588463576491,143.0,209.0,180.0,174.14285714285714,44.09999460101339,173.07142857142858,35.46930262313766,29.857142857142858
2024-11-30,168.0,297.3333333333333,204.0,5978.333333333333,147.0,False,57.0,5,11,0,1,5970.666666666667,5726.0,5885.666666666667,5818.095238095238,121.87496845654562,5829.166666666667,86.94833420277418,145.0,208.0,187.0,165.0,42.26503677193726,170.57142857142858,36.16992861845366,44.857142857142854
2024-12-01,196.0,306.0,187.0,5986.0,149.0,True,38.0,6,12,1,0,5978.333333333333,5664.0,5816.0,5854.142857142857,127.2921482459512,5835.785714285715,94.75687352107646,147.0,207.0,195.0,156.28571428571428,37.9943604837783,167.71428571428572,36.351761297781046,56.142857142857146
2024-12-02,236.0,330.0,222.0,6061.0,115.0,True,107.0,0,12,0,0,5986.0,5715.0,5819.0,5900.142857142857,102.98846701648357,5847.928571428572,102.5947282578494,149.0,129.0,138.0,148.0,30.719157974568944,164.42857142857142,35.77002244191098,63.714285714285715
2024-12-03,81.0,230.0,242.0,6192.0,107.0,True,135.0,1,12,0,0,6061.0,5826.0,5844.0,5949.571428571428,79.72306564320735,5865.214285714285,116.75524894586601,115.0,112.0,146.0,146.0,32.56275991578703,162.78571428571428,37.56057378817603,69.42857142857143
2024-12-04,118.0,245.0,160.0,6269.0,115.0,True,45.0,2,12,0,0,6192.0,5862.0,5879.0,6001.857142857143,102.06186525050083,5890.071428571428,145.4176524735413,107.0,211.0,148.0,145.28571428571428,33.474937319900704,160.0,40.25113471883948,74.14285714285714
2024-12-05,218.0,283.0,208.0,6310.0,150.0,True,58.0,3,12,0,0,6269.0,5963.0,5850.0,6060.0,122.90978323390418,5917.928571428572,177.04884538147795,115.0,143.0,210.0,131.57142857142858,18.283482006596827,157.64285714285714,41.938796327064054,78.71428571428571
2024-12-06,189.0,269.6666666666667,200.0,6302.0,157.0,False,43.0,4,12,0,0,6310.0,5970.666666666667,5788.0,6109.571428571428,145.21857271791137,5950.785714285715,204.09146630358188,150.0,145.0,209.0,132.57142857142858,19.18208489586619,153.35714285714286,39.14982491926528,73.57142857142857
2024-12-07,161.0,256.3333333333333,191.0,6294.0,165.0,False,26.0,5,12,0,0,6302.0,5978.333333333333,5726.0,6156.904761904762,146.39086622491848,5987.5,218.29309670370708,157.0,147.0,208.0,134.28571428571428,20.93413707889423,149.64285714285714,35.786991927362834,69.0
2024-12-08,132.0,243.0,183.0,6286.0,172.0,True,11.0,6,12,0,0,6294.0,5986.0,5664.0,6202.0,129.90637654274525,6028.071428571428,218.73584656838227,165.0,149.0,207.0,136.85714285714286,23.68141726775165,146.57142857142858,32.04255412300372,64.57142857142857
2024-12-09,224.0,315.0,152.0,6268.0,174.0,True,-22.0,0,12,0,0,6286.0,6061.0,5715.0,6244.857142857143,90.18209092503263,6072.5,201.59639589467193,172.0,115.0,129.0,140.14285714285714,27.008816902560483,144.07142857142858,28.08630732832304,60.714285714285715
2024-12-10,167.0,326.0,213.0,6310.0,149.0,True,64.0,1,12,0,0,6268.0,6192.0,5826.0,6274.428571428572,39.597378458118165,6112.0,179.07988954017048,174.0,107.0,112.0,148.57142857142858,27.06077815373332,147.28571428571428,28.794840807741995,42.285714285714285
2024-12-11,209.0,353.0,232.0,6402.0,152.0,True,80.0,2,12,0,0,6310.0,6269.0,5862.0,6291.285714285715,17.74555611156831,6146.571428571428,165.84986664537797,149.0,115.0,211.0,154.57142857142858,20.057061456892868,149.92857142857142,26.94571261948308,32.142857142857146
2024-12-12,153.0,253.0,286.0,6481.0,194.0,True,92.0,3,12,0,0,6402.0,6310.0,5963.0,6310.285714285715,43.056994341337024,6185.142857142857,157.14143633536264,152.0,150.0,143.0,159.85714285714286,10.479003951206101,145.71428571428572,20.503015055693055,37.142857142857146
2024-12-13,162.0,281.0,264.0,6456.666666666667,204.0,False,60.0,4,12,0,0,6481.0,6302.0,5970.666666666667,6334.714285714285,77.55581707203758,6222.142857142857,161.72926170134582,194.0,157.0,145.0,166.14285714285714,15.55022584432138,149.35714285714286,24.18393345514703,42.0
2024-12-14,171.0,309.0,241.0,6432.333333333333,214.0,False,27.0,5,12,0,0,6456.666666666667,6294.0,5978.333333333333,6356.809523809524,88.00964954200359,6256.857142857143,155.64323187637348,204.0,165.0,147.0,172.85714285714286,20.350500169350678,153.57142857142858,28.17722562560725,44.42857142857143
2024-12-15,180.0,337.0,219.0,6408.0,224.0,True,-5.0,6,12,0,0,6432.333333333333,6286.0,5986.0,6376.571428571428,87.08163778903474,6289.285714285715,139.6193761899682,214.0,172.0,149.0,179.85714285714286,25.076074728900792,158.35714285714286,32.35525671916329,44.57142857142857
2024-12-16,133.0,287.0,189.0,6454.0,149.0,True,40.0,0,12,0,0,6408.0,6268.0,6061.0,6394.0,77.62898465824003,6319.428571428572,111.90895479682874,224.0,174.0,115.0,187.28571428571428,29.646327966624536,163.71428571428572,36.61531535685077,42.285714285714285
2024-12-17,187.0,310.0,247.0,6506.0,151.0,True,96.0,1,12,0,0,6454.0,6310.0,6192.0,6420.571428571428,56.18313780269411,6347.5,89.05445851443939,149.0,149.0,107.0,183.71428571428572,32.846685706546715,166.14285714285714,34.18244520861357,51.142857142857146
2024-12-18,168.0,285.0,210.0,6598.0,134.0,True,76.0,2,12,0,0,6506.0,6402.0,6269.0,6448.571428571428,37.69011771483525,6369.928571428572,86.37952220303374,151.0,152.0,115.0,184.0,32.50128202599448,169.28571428571428,30.106039699268457,55.714285714285715
2024-12-19,269.0,412.0,204.0,6600.0,238.0,True,-34.0,3,12,0,0,6598.0,6481.0,6310.0,6476.571428571428,62.17618761787406,6393.428571428572,100.42103063843253,134.0,194.0,150.0,181.42857142857142,35.98081499381223,170.64285714285714,27.81147284805897,55.142857142857146
2024-12-20,213.0,359.6666666666667,215.0,6598.333333333333,248.0,False,-33.0,4,12,0,0,6600.0,6456.666666666667,6302.0,6493.571428571428,77.8751884322646,6414.142857142857,111.21748266090745,238.0,204.0,157.0,187.71428571428572,41.89953971789346,176.92857142857142,32.35967168635427,37.142857142857146
2024-12-21,156.0,307.3333333333333,225.0,6596.666666666667,258.0,False,-33.0,5,12,0,0,6598.333333333333,6432.333333333333,6294.0,6513.809523809525,84.78728441046155,6435.309523809524,116.31488828070636,248.0,214.0,165.0,194.0,47.65501022977448,183.42857142857142,36.87340981857557,23.857142857142858
2024-12-22,100.0,255.0,236.0,6595.0,268.0,True,-32.0,6,12,0,0,6596.666666666667,6408.0,6286.0,6537.285714285715,81.14012309910434,6456.928571428572,116.15751011091058,258.0,224.0,172.0,200.28571428571428,53.300138479226106,190.07142857142858,41.397629597164084,15.285714285714286
2024-12-23,205.0,294.0,177.0,6548.0,231.0,True,-54.0,0,12,0,0,6595.0,6454.0,6268.0,6564.0,59.33364544085614,6479.0,110.39455269647853,268.0,149.0,174.0,206.57142857142858,58.86667745240629,196.92857142857142,45.8818956849932,11.428571428571429
2024-12-24,161.0,304.0,211.0,6622.0,155.0,True,56.0,1,12,0,0,6548.0,6506.0,6310.0,6577.428571428572,36.552708913581824,6499.0,93.26160247295809,231.0,151.0,149.0,218.28571428571428,53.40634882893639,201.0,46.218544396747106,-2.0
2024-12-25,57.0,162.0,193.0,6689.0,107.0,True,86.0,2,12,0,0,6622.0,6598.0,6402.0,6594.0,22.281864403656655,6521.285714285715,81.11022964439252,155.0,134.0,152.0,218.85714285714286,52.58145608300958,201.42857142857142,45.72444941959948,-7.714285714285714
2024-12-26,80.0,122.0,152.0,6707.0,135.0,True,17.0,3,12,0,0,6689.0,6600.0,6481.0,6607.0,42.43600846730307,6541.785714285715,84.82597642256904,107.0,238.0,194.0,215.0,60.27160746708688,198.21428571428572,50.76973442973853,-6.285714285714286
2024-12-27,89.0,138.0,146.0,6626.333333333333,162.0,False,-16.0,4,12,0,0,6707.0,6598.333333333333,6456.666666666667,6622.285714285715,56.45103698376733,6557.928571428572,93.4358574791007,135.0,248.0,204.0,200.28571428571428,66.01947764539906,194.0,53.52066459286348,1.0
2024-12-28,98.0,154.0,139.0,6545.666666666667,189.0,False,-50.0,5,12,0,0,6626.333333333333,6596.666666666667,6432.333333333333,6626.285714285715,55.45416143976342,6570.047619047618,90.24002723491067,162.0,258.0,214.0,188.0,63.61865554484186,191.0,54.091091261375134,3.4285714285714284
2024-12-29,107.0,170.0,133.0,6465.0,216.0,True,-83.0,6,12,0,0,6545.666666666667,6595.0,6408.0,6619.0,62.851087970552605,6578.142857142857,81.60607006617379,189.0,268.0,224.0,178.14285714285714,55.8343638852999,189.21428571428572,53.684517996604335,1.0
2024-12-30,99.0,156.0,139.0,6454.0,177.0,True,-38.0,0,12,0,0,6465.0,6548.0,6454.0,6600.428571428572,86.04966573651957,6582.214285714285,73.48197140928212,216.0,231.0,149.0,170.71428571428572,44.116188584667846,188.64285714285714,53.32715738051278,-6.285714285714286
2024-12-31,62.0,111.0,116.0,6429.5,160.0,False,-44.0,1,12,0,1,6454.0,6622.0,6506.0,6587.0,101.53616396345477,6582.214285714285,73.48197140928212,177.0,155.0,151.0,163.0,35.744463440741974,190.64285714285714,52.239989313903415,-4.0
2025-01-01,25.0,66.0,94.0,6405.0,144.0,True,-50.0,2,1,1,0,6429.5,6689.0,6598.0,6559.5,115.57469125668734,6576.75,81.94267200806385,160.0,107.0,134.0,163.71428571428572,35.60765032833022,191.28571428571428,51.76786733015323,-18.285714285714285
2025-01-02,35.0,70.0,53.0,6292.0,170.0,True,-117.0,3,1,0,0,6405.0,6707.0,6600.0,6518.928571428572,112.3408280191515,6562.964285714285,93.51087003393218,144.0,135.0,238.0,169.0,27.640549922168333,192.0,50.97963394261804,-37.714285714285715
2025-01-03,38.0,71.0,57.0,6155.333333333333,175.0,False,-118.0,4,1,0,0,6292.0,6626.333333333333,6598.333333333333,6459.642857142857,105.86541196041749,6540.964285714285,117.32586985648426,170.0,162.0,248.0,174.0,23.288051299608963,187.14285714285714,49.47704540469539,-56.857142857142854
2025-01-04,40.0,72.0,60.0,6018.666666666667,180.0,False,-120.0,5,1,0,0,6155.333333333333,6545.666666666667,6596.666666666667,6392.357142857143,129.33929069007496,6509.321428571428,154.50962496377477,175.0,189.0,258.0,175.85714285714286,22.682067597026464,181.92857142857142,46.315746260301474,-71.42857142857143
2025-01-05,43.0,73.0,64.0,5882.0,185.0,True,-121.0,6,1,0,0,6018.666666666667,6465.0,6595.0,6317.071428571428,171.67658701437884,6468.035714285715,199.92338466918616,180.0,216.0,268.0,174.57142857142858,22.05944350202275,176.35714285714286,40.827229116888745,-81.42857142857143
2025-01-06,41.0,60.0,71.0,5769.0,190.0,True,-119.0,0,1,0,0,5882.0,6454.0,6548.0,6233.785714285715,221.99317461696813,6417.107142857143,249.70868161049435,185.0,177.0,231.0,170.14285714285714,13.993195625353236,170.42857142857142,31.44400220591486,-86.85714285714286
2025-01-07,65.0,83.0,65.0,5703.0,133.0,True,-68.0,1,1,0,0,5769.0,6429.5,6622.0,6135.928571428572,256.96468731888996,6361.464285714285,300.0220090117282,190.0,160.0,155.0,172.0,15.800843859318077,167.5,26.957944454855593,-98.42857142857143
2025-01-08,38.0,80.0,82.0,5605.0,184.0,True,-102.0,2,1,0,0,5703.0,6405.0,6689.0,6032.142857142857,265.21304204685333,6295.821428571428,336.9024337215151,133.0,144.0,107.0,168.14285714285714,21.489753926218018,165.92857142857142,28.348013865352254,-101.85714285714286
2025-01-09,56.0,82.0,68.0,5507.0,164.0,True,-96.0,3,1,0,0,5605.0,6292.0,6707.0,5917.857142857143,249.6757050089963,6218.392857142857,363.1332171035395,184.0,170.0,135.0,173.85714285714286,19.19573365297809,171.42857142857142,23.00071666347092,-109.28571428571429
2025-01-10,62.0,89.0,72.0,5368.666666666667,188.0,False,-116.0,4,1,0,0,5507.0,6155.333333333333,6626.333333333333,5805.714285714285,229.06197031188168,6132.678571428572,380.15586358323725,164.0,175.0,162.0,173.0,19.527758021166115,173.5,20.653738719108958,-106.28571428571429
2025-01-11,68.0,96.0,76.0,5230.333333333333,211.0,False,-135.0,5,1,0,0,5368.666666666667,6018.666666666667,6545.666666666667,5693.333333333333,221.80588777492002,6042.8452380952385,402.4711194411862,188.0,180.0,189.0,174.85714285714286,20.350500169350713,175.35714285714286,20.708998946422568,-106.0
2025-01-12,74.0,103.0,80.0,5092.0,235.0,True,-155.0,6,1,0,0,5230.333333333333,5882.0,6465.0,5580.714285714285,229.10441001341013,5948.892857142857,428.73216793881363,211.0,185.0,216.0,179.28571428571428,24.588034255940833,176.92857142857142,22.57454075081441,-108.14285714285714
2025-01-13,68.0,107.0,102.0,5019.0,181.0,True,-79.0,0,1,0,0,5092.0,5769.0,6454.0,5467.857142857143,249.61450702264398,5850.821428571428,457.65230739381343,235.0,190.0,177.0,186.42857142857142,32.510804064991696,178.28571428571428,25.48733794660955,-113.0
2025-01-14,92.0,124.0,93.0,4957.0,139.0,True,-46.0,1,1,0,0,5019.0,5703.0,6429.5,5360.714285714285,259.5743259407212,5748.321428571428,472.62021246675033,181.0,133.0,160.0,185.14285714285714,32.52398382439368,178.57142857142858,25.49423550444945,-107.28571428571429
2025-01-15,113.0,162.0,107.0,4903.0,164.0,True,-57.0,2,1,0,0,4957.0,5605.0,6405.0,5254.142857142857,248.52780283664742,5643.142857142857,473.2147145390728,139.0,184.0,144.0,186.0,30.9623427192867,177.07142857142858,27.229690485871004,-104.14285714285714
2025-01-16,106.0,196.0,131.0,4881.0,159.0,True,-28.0,3,1,0,0,4903.0,5507.0,6292.0,5153.857142857143,223.75448326861638,5535.857142857143,457.1954773593444,164.0,164.0,170.0,183.14285714285714,32.08025650057607,178.5,25.850903867553992,-97.71428571428571
2025-01-17,99.0,181.33333333333334,143.0,4796.666666666667,165.0,False,-22.0,4,1,0,0,4881.0,5368.666666666667,6155.333333333333,5064.428571428572,179.88666331872176,5435.071428571428,432.5450063748521,159.0,188.0,175.0,182.42857142857142,32.62850054199461,177.71428571428572,26.29252181318848,-88.0
2025-01-18,93.0,166.66666666666666,156.0,4712.333333333333,170.0,False,-14.0,5,1,0,0,4796.666666666667,5230.333333333333,6018.666666666667,4982.714285714285,145.229885273129,5338.02380952381,410.36245109656846,165.0,211.0,180.0,179.14285714285714,33.12817819434208,177.0,26.50689315283243,-74.57142857142857
2025-01-19,86.0,152.0,168.0,4628.0,176.0,True,-8.0,6,1,0,0,4712.333333333333,5092.0,5882.0,4908.714285714285,129.10524397129032,5244.714285714285,391.7893830045254,170.0,235.0,185.0,173.28571428571428,30.03727842594898,176.28571428571428,26.554526114076083,-57.285714285714285
2025-01-20,84.0,118.0,136.0,4638.0,127.0,True,9.0,0,1,0,0,4628.0,5019.0,5769.0,4842.428571428572,138.1178662348341,5155.142857142857,377.98726325700557,176.0,181.0,190.0,164.85714285714286,13.631196712299293,175.64285714285714,26.436010239121376,-36.285714285714285
2025-01-21,59.0,64.0,117.0,4728.0,54.0,True,63.0,1,1,0,0,4638.0,4957.0,5703.0,4788.0,131.86834062417987,5074.357142857143,356.9760092562581,127.0,139.0,133.0,157.14285714285714,17.658129114076345,171.14285714285714,29.03805763492271,-23.714285714285715
2025-01-22,62.0,97.0,52.0,4717.0,83.0,True,-31.0,2,1,0,0,4728.0,4903.0,5605.0,4755.285714285715,109.45545831163906,5004.714285714285,317.8635372724969,54.0,164.0,184.0,145.0,43.10452412450291,165.5,41.863790118397496,-8.142857142857142
2025-01-23,91.0,75.0,97.0,4621.0,174.0,True,-77.0,3,1,0,0,4717.0,4881.0,5507.0,4728.714285714285,88.11638527657308,4941.285714285715,274.505985398669,83.0,159.0,164.0,133.42857142857142,47.773274058677984,158.28571428571428,46.83757297041093,-4.428571428571429
2025-01-24,70.0,67.0,68.0,4494.333333333333,177.0,False,-109.0,4,1,0,0,4621.0,4796.666666666667,5368.666666666667,4691.571428571428,64.98880652277725,4878.0,233.05250499754524,174.0,165.0,188.0,135.57142857142858,49.419487191648976,159.0,47.007364398492214,-11.428571428571429
2025-01-25,50.0,59.0,40.0,4367.666666666667,179.0,False,-139.0,5,1,0,0,4494.333333333333,4712.333333333333,5230.333333333333,4648.380952380952,81.7936492516905,4815.547619047619,207.16348914172707,177.0,170.0,211.0,137.28571428571428,50.79932507987949,158.21428571428572,46.57529647526217,-23.857142857142858
2025-01-26,29.0,51.0,11.0,4241.0,182.0,True,-171.0,6,1,0,0,4367.666666666667,4628.0,5092.0,4599.142857142857,127.72436426625065,4753.928571428572,202.54357676452284,179.0,176.0,235.0,138.57142857142858,51.86796423887832,155.92857142857142,44.52564392609385,-41.714285714285715
2025-01-27,33.0,53.0,34.0,4161.0,127.0,True,-93.0,0,1,0,0,4241.0,4638.0,5019.0,4543.857142857143,184.3543143710359,4693.142857142857,220.20715632640037,182.0,127.0,181.0,139.42857142857142,52.633503724201766,152.14285714285714,39.222946860733174,-65.0
2025-01-28,32.0,49.0,39.0,4096.0,101.0,True,-62.0,1,1,0,0,4161.0,4728.0,4957.0,4475.714285714285,226.98445276855304,4631.857142857143,240.9589004319244,127.0,54.0,139.0,139.42857142857142,52.633503724201766,148.28571428571428,38.81995634965804,-79.57142857142857
2025-01-29,32.0,50.0,39.0,4036.0,99.0,True,-60.0,2,1,0,0,4096.0,4717.0,4903.0,4385.428571428572,235.44494632719432,4570.357142857143,260.6602551607001,101.0,83.0,164.0,146.14285714285714,41.802825149456645,145.57142857142858,40.79727420328388,-97.42857142857143
2025-01-30,47.0,42.0,47.0,3923.0,159.0,True,-112.0,3,1,0,0,4036.0,4621.0,4881.0,4288.142857142857,215.4511078965879,4508.428571428572,277.9683444001771,99.0,174.0,159.0,148.42857142857142,38.04320851723171,140.92857142857142,42.21276563337138,-101.57142857142857
2025-01-31,38.0,35.333333333333336,45.0,3776.3333333333335,162.0,False,-117.0,4,1,0,1,3923.0,4494.333333333333,4796.666666666667,4188.428571428572,196.40516647397834,4440.0,296.495658001686,159.0,177.0,165.0,146.28571428571428,36.76372435664378,140.92857142857142,42.21276563337138,-106.57142857142857
2025-02-01,29.0,28.666666666666664,43.0,3629.6666666666665,165.0,False,-122.0,5,2,1,0,3776.3333333333335,4367.666666666667,4712.333333333333,4085.8571428571427,197.50460445960474,4367.119047619048,326.0138324146678,162.0,179.0,170.0,144.14285714285714,35.07339243846693,140.71428571428572,42.088603557862406,-107.71428571428571
2025-02-02,20.0,22.0,41.0,3483.0,168.0,True,-127.0,6,2,0,0,3629.6666666666665,4241.0,4628.0,3980.4285714285716,217.92019557599974,4289.785714285715,364.0205124105185,165.0,182.0,176.0,142.14285714285714,33.09797864637719,140.35714285714286,41.841472144382664,-105.28571428571429
2025-02-03,23.0,45.0,11.0,3403.0,102.0,True,-91.0,0,2,0,0,3483.0,4161.0,4638.0,3872.1428571428573,252.4521118603154,4208.0,408.13947255811337,168.0,127.0,127.0,140.14285714285714,30.618232974422913,139.78571428571428,41.36921667027849,-99.0
2025-02-04,34.0,54.0,29.0,3359.0,74.0,True,-45.0,1,2,0,0,3403.0,4096.0,4728.0,3763.8571428571427,269.8667611669271,4119.785714285715,440.2527364107586,102.0,101.0,54.0,136.57142857142858,33.7088373321531,138.0,42.488007357737224,-98.71428571428571
2025-02-05,26.0,36.0,36.0,3290.0,104.0,True,-68.0,2,2,0,0,3359.0,4036.0,4717.0,3658.5714285714284,262.34940754624245,4022.0,446.7570134424544,74.0,99.0,83.0,132.71428571428572,39.504068506563584,139.42857142857142,39.69056133819501,-96.28571428571429
2025-02-06,25.0,32.0,27.0,3181.0,145.0,True,-118.0,3,2,0,0,3290.0,3923.0,4621.0,3552.0,233.40006982055422,3920.0714285714284,438.7079549305729,104.0,159.0,174.0,133.42857142857142,38.83236254662111,140.92857142857142,37.74298566665501,-97.42857142857143
2025-02-07,22.0,25.666666666666668,26.0,3080.0,130.0,False,-104.0,4,2,0,0,3181.0,3776.3333333333335,4494.333333333333,3446.0,203.38860815091684,3817.214285714286,430.4605882900517,145.0,162.0,177.0,131.42857142857142,37.63800004807491,138.85714285714286,36.565761923626134,-98.28571428571429
2025-02-08,18.0,19.333333333333336,24.0,2979.0,114.0,False,-90.0,5,2,0,0,3080.0,3629.6666666666665,4367.666666666667,3346.5238095238096,184.28639719228354,3716.190476190476,425.25698041267015,130.0,165.0,179.0,126.85714285714286,35.16830282810585,135.5,34.91473129695873,-96.42857142857143
2025-02-09,15.0,13.0,23.0,2878.0,99.0,True,-76.0,6,2,0,0,2979.0,3483.0,4241.0,3253.5714285714284,181.7469460007054,3617.0,423.56105322866006,114.0,168.0,182.0,119.57142857142857,30.983098311050288,130.85714285714286,32.95184631890225,-91.85714285714286
2025-02-10,16.0,18.0,15.0,2834.0,63.0,True,-48.0,0,2,0,0,2878.0,3403.0,4161.0,3167.1428571428573,197.61868043474325,3519.6428571428573,425.73906506974527,99.0,102.0,127.0,109.71428571428571,22.939880017949328,124.92857142857143,30.41119299437372,-84.57142857142857
2025-02-11,11.0,22.0,12.0,2799.0,50.0,True,-38.0,1,2,0,0,2834.0,3359.0,4096.0,3085.8571428571427,201.42114136827385,3424.8571428571427,419.6413551010903,63.0,74.0,101.0,104.14285714285714,29.0483996772513,120.35714285714286,34.59792600022258,-78.42857142857143
2025-02-12,16.0,20.0,20.0,2752.0,66.0,True,-46.0,2,2,0,0,2799.0,3290.0,4036.0,3005.8571428571427,185.42871817339199,3332.214285714286,402.9117017890584,50.0,104.0,99.0,100.71428571428571,34.164866386946414,116.71428571428571,39.17500885362655,-77.42857142857143
2025-02-13,15.0,10.0,23.0,2703.0,72.0,True,-49.0,3,2,0,0,2752.0,3181.0,3923.0,2929.0,157.40605663785698,3240.5,375.59850245036097,66.0,145.0,159.0,95.28571428571429,36.49527040459574,114.35714285714286,41.260163583067666,-74.28571428571429
2025-02-14,13.0,11.75,21.0,2660.25,58.0,False,-37.0,4,2,0,0,2703.0,3080.0,3776.3333333333335,2860.714285714286,131.3972529958216,3153.3571428571427,345.3817029856135,72.0,130.0,162.0,84.85714285714286,29.723327378945637,108.14285714285714,40.56496620874839,-64.42857142857143
2025-02-15,12.0,13.5,18.0,2617.5,44.0,False,-26.0,5,2,0,0,2660.25,2979.0,3629.6666666666665,2800.75,108.41365611831328,3073.6369047619046,318.2683508774458,58.0,114.0,165.0,74.57142857142857,23.251216046022734,100.71428571428571,39.450901464656724,-54.857142857142854
2025-02-16,10.0,15.25,16.0,2574.75,29.0,False,-13.0,6,2,0,0,2617.5,2878.0,3483.0,2749.1071428571427,94.56896261501397,3001.339285714286,296.4593889551782,44.0,99.0,168.0,64.57142857142857,17.905838366823655,92.07142857142857,37.48941242479651,-45.714285714285715
2025-02-17,8.0,17.0,14.0,2532.0,15.0,True,-1.0,0,2,0,0,2574.75,2834.0,3403.0,2705.785714285714,95.13985632481332,2936.464285714286,281.971746695117,29.0,63.0,102.0,54.57142857142857,14.740614447351566,82.14285714285714,34.085542035071654,-36.714285714285715
2025-02-18,18.0,19.0,11.0,2536.0,9.0,True,2.0,1,2,0,0,2532.0,2799.0,3359.0,2662.6428571428573,95.78011462063454,2874.25,266.79753199224785,15.0,50.0,74.0,47.714285714285715,20.287223283908926,75.92857142857143,37.90365171309072,-30.0
2025-02-19,12.0,17.0,17.0,2528.0,19.0,True,-2.0,2,2,0,0,2536.0,2752.0,3290.0,2625.0714285714284,84.268261406946,2815.464285714286,241.2151700080069,9.0,66.0,104.0,41.857142857142854,24.909359495497508,71.28571428571429,41.925627505843266,-24.285714285714285
2025-02-20,13.0,25.0,15.0,2520.0,32.0,True,-17.0,3,2,0,0,2528.0,2703.0,3181.0,2593.0714285714284,69.22287589528707,2761.035714285714,209.8312246958925,19.0,72.0,145.0,35.142857142857146,23.61799152784288,65.21428571428571,42.96542182415951,-18.0
2025-02-21,11.0,22.0,13.0,2487.6666666666665,33.0,False,-20.0,4,2,0,0,2520.0,2660.25,3080.0,2566.9285714285716,53.57524192397913,2713.8214285714284,180.3625469765972,32.0,58.0,130.0,29.428571428571427,17.17417773729237,57.142857142857146,37.0277591146892,-13.428571428571429
2025-02-22,9.0,19.0,10.0,2455.3333333333335,34.0,False,-24.0,5,2,0,0,2487.6666666666665,2617.5,2979.0,2542.2738095238096,41.913400416968464,2671.5119047619046,155.63673618728956,33.0,44.0,114.0,25.857142857142858,12.088955998868604,50.214285714285715,30.917205992361954,-11.0
2025-02-23,7.0,16.0,8.0,2423.0,35.0,True,-27.0,6,2,0,0,2455.3333333333335,2574.75,2878.0,2519.1071428571427,38.04209151853311,2634.1071428571427,137.9779627083897,34.0,29.0,99.0,24.428571428571427,9.99761876409095,44.5,25.05916076930877,-10.714285714285714
2025-02-24,20.0,22.0,14.0,2413.0,24.0,True,-10.0,0,2,0,0,2423.0,2532.0,2834.0,2497.4285714285716,43.84430123645259,2601.6071428571427,129.43306452819107,35.0,15.0,63.0,25.285714285714285,10.688222267422148,39.92857142857143,19.593814902109173,-12.714285714285714
2025-02-25,11.0,7.0,7.0,2413.0,23.0,True,-16.0,1,2,0,0,2413.0,2536.0,2799.0,2480.4285714285716,50.734499283806365,2571.535714285714,119.83773624499393,24.0,9.0,50.0,26.571428571428573,9.744351233001908,37.142857142857146,18.81839175201765,-14.0
2025-02-26,12.0,21.0,1.0,2411.0,23.0,True,-22.0,2,2,0,0,2413.0,2528.0,2752.0,2462.8571428571427,49.566587137251496,2543.964285714286,107.21835354088397,23.0,19.0,66.0,28.571428571428573,6.399404734200516,35.214285714285715,18.782883253037706,-16.571428571428573
2025-02-27,10.0,15.0,17.0,2391.0,37.0,True,-20.0,3,2,0,0,2411.0,2520.0,2703.0,2446.1428571428573,43.264842082617726,2519.6071428571427,94.27453221273981,23.0,32.0,72.0,29.142857142857142,5.520524474714166,32.142857142857146,16.769281177478586,-19.428571428571427
2025-02-28,11.0,18.0,13.0,2359.6666666666665,35.0,False,-22.0,4,2,0,1,2391.0,2487.6666666666665,2660.25,2427.714285714286,32.76087806914578,2497.3214285714284,83.8926286286072,37.0,33.0,58.0,29.857142857142858,6.229729031767934,29.642857142857142,12.413436534415327,-19.857142857142858
2025-03-01,11.0,21.0,8.0,2328.3333333333335,33.0,False,-25.0,5,3,1,0,2359.6666666666665,2455.3333333333335,2617.5,2409.4285714285716,29.25539790301358,2475.8511904761904,77.1826849603791,35.0,34.0,44.0,30.142857142857142,6.440201120766278,28.0,9.567573440481915,-20.142857142857142
2025-03-02,12.0,24.0,4.0,2297.0,31.0,True,-27.0,6,3,0,0,2328.3333333333335,2423.0,2574.75,2391.285714285714,34.88150765526001,2455.1964285714284,75.02186011461251,33.0,35.0,29.0,30.0,6.350852961064516,27.214285714285715,8.55011085337204,-20.285714285714285
2025-03-03,8.0,29.0,18.0,2287.0,25.0,True,-7.0,0,3,0,0,2297.0,2413.0,2532.0,2373.285714285714,46.39740915507058,2435.3571428571427,77.6532358036126,31.0,24.0,15.0,29.428571428571427,5.996030432887155,27.357142857142858,8.598811571380951,-20.285714285714285
2025-03-04,4.0,25.0,10.0,2272.0,30.0,True,-20.0,1,3,0,0,2287.0,2413.0,2536.0,2355.285714285714,52.466366143483654,2417.8571428571427,81.69964946730045,25.0,23.0,9.0,29.571428571428573,5.855400437667982,28.071428571428573,7.878542287249708,-19.857142857142858
2025-03-05,5.0,20.0,4.0,2238.0,40.0,True,-36.0,2,3,0,0,2272.0,2411.0,2528.0,2335.1428571428573,53.66834266932848,2399.0,82.79312081899413,30.0,23.0,19.0,30.571428571428573,5.0943479417988495,29.571428571428573,5.652967712325507,-20.428571428571427
2025-03-06,7.0,27.0,6.0,2218.0,33.0,True,-27.0,3,3,0,0,2238.0,2391.0,2520.0,2310.4285714285716,52.73930092458582,2378.285714285714,84.29981670625106,40.0,37.0,32.0,33.0,4.932882862289071,31.071428571428573,5.413150450776884,-22.428571428571427
2025-03-07,9.0,26.333333333333332,9.0,2191.0,32.0,False,-23.0,4,3,0,0,2218.0,2359.6666666666665,2487.6666666666665,2285.714285714286,49.09907917974051,2356.714285714286,83.88543848020333,33.0,35.0,33.0,32.42857142857143,4.613644360529488,31.142857142857142,5.432907464427456,-23.428571428571427
2025-03-08,10.0,25.666666666666668,12.0,2164.0,31.0,False,-19.0,5,3,0,0,2191.0,2328.3333333333335,2455.3333333333335,2261.6190476190477,48.13539106097977,2335.5238095238096,85.71157301510503,32.0,33.0,34.0,32.0,4.472135954969481,31.071428571428573,5.413150450776884,-23.571428571428573
2025-03-09,12.0,25.0,15.0,2137.0,30.0,True,-15.0,6,3,0,0,2164.0,2297.0,2423.0,2238.1428571428573,50.20434433445503,2314.714285714286,89.6607906908479,31.0,31.0,35.0,31.714285714285715,4.461475305825685,30.857142857142858,5.347280298801919,-22.714285714285715
2025-03-10,6.0,28.0,8.0,2125.0,23.0,True,-15.0,0,3,0,0,2137.0,2287.0,2413.0,2215.285714285714,55.12323854915064,2294.285714285714,95.48328328722646,30.0,25.0,24.0,31.571428571428573,4.503966505808476,30.5,5.214624405732098,-21.0
2025-03-11,3.0,11.0,7.0,2116.0,20.0,True,-13.0,1,3,0,0,2125.0,2272.0,2413.0,2192.1428571428573,53.992062904808364,2273.714285714286,98.90233956749869,23.0,30.0,23.0,31.285714285714285,5.023753102793295,30.428571428571427,5.3163649483726685,-22.142857142857142
2025-03-12,6.0,18.0,2.0,2113.0,8.0,True,-6.0,2,3,0,0,2116.0,2238.0,2411.0,2169.8571428571427,47.319582169706585,2252.5,98.58006854726096,20.0,40.0,23.0,29.857142857142858,6.618876325272461,30.214285714285715,5.686401747653297,-21.142857142857142
2025-03-13,4.0,20.0,9.0,2116.0,6.0,True,3.0,3,3,0,0,2113.0,2218.0,2391.0,2152.0,40.398019748148734,2231.214285714286,93.77930148657987,8.0,33.0,37.0,25.285714285714285,9.050124966235847,29.142857142857142,8.065664576183199,-16.857142857142858
2025-03-14,3.0,16.333333333333332,9.0,2116.3333333333335,6.0,False,3.0,4,3,0,0,2116.0,2191.0,2359.6666666666665,2137.4285714285716,29.568322811021243,2211.5714285714284,86.23327818442458,6.0,32.0,35.0,21.428571428571427,10.799029938784637,26.928571428571427,9.809448237583496,-12.571428571428571
2025-03-15,2.0,12.666666666666668,8.0,2116.6666666666665,5.0,False,3.0,5,3,0,0,2116.3333333333335,2164.0,2328.3333333333335,2126.761904761905,18.36836478751735,2194.190476190476,78.23979295550218,6.0,31.0,33.0,17.714285714285715,11.0259434322485,24.857142857142858,10.967484410122177,-8.857142857142858
2025-03-16,1.0,9.0,8.0,2117.0,5.0,True,3.0,6,3,0,0,2116.6666666666665,2137.0,2297.0,2120.0,8.362172295286255,2179.0714285714284,70.38055026906926,5.0,30.0,31.0,14.0,10.14889156507799,22.857142857142858,11.883130530687328,-5.714285714285714
2025-03-17,5.0,14.0,0.0,2111.0,8.0,True,-8.0,0,3,0,0,2117.0,2125.0,2287.0,2117.1428571428573,3.7061367089497943,2166.214285714286,63.26130954026184,5.0,23.0,25.0,10.428571428571429,7.678045386170119,21.0,12.526894145143965,-3.142857142857143
2025-03-18,19.0,34.0,6.0,2109.0,8.0,True,-2.0,1,3,0,0,2111.0,2116.0,2272.0,2115.1428571428573,2.251395709033288,2153.6428571428573,54.25918557087964,8.0,20.0,30.0,8.285714285714286,5.313952882534828,19.785714285714285,12.926886539494454,-2.142857142857143
2025-03-19,6.0,22.0,14.0,2119.0,9.0,True,5.0,2,3,0,0,2109.0,2113.0,2238.0,2114.1428571428573,3.1731345131590034,2142.0,43.28754978129703,8.0,8.0,40.0,6.571428571428571,1.3972762619053023,18.214285714285715,12.926886539494557,-0.5714285714285714
2025-03-20,9.0,20.0,11.0,2124.0,7.0,True,4.0,3,3,0,0,2119.0,2116.0,2218.0,2115.0,3.5952643151496524,2133.5,33.582339175972734,9.0,6.0,33.0,6.714285714285714,1.6035674513820208,16.0,11.48242804666015,1.0
2025-03-21,11.0,23.0,10.0,2128.0,5.0,False,5.0,4,3,0,0,2124.0,2116.3333333333335,2191.0,2116.1428571428573,4.973474570697147,2126.785714285714,23.17145575213476,7.0,6.0,32.0,6.857142857142857,1.5735915848446476,14.142857142857142,10.589233595140163,1.1428571428571428
2025-03-22,13.0,26.0,10.0,2132.0,4.0,False,6.0,5,3,0,0,2128.0,2116.6666666666665,2164.0,2117.809523809524,6.702285766113115,2122.285714285714,14.072375289504729,5.0,5.0,31.0,6.714285714285714,1.7043362064056384,12.214285714285714,9.488280799388935,1.4285714285714286
2025-03-23,15.0,29.0,9.0,2136.0,2.0,True,7.0,6,3,0,0,2132.0,2117.0,2137.0,2120.0,8.52447454314856,2120.0,8.11245746176549,4.0,5.0,30.0,6.571428571428571,1.9023794623446504,10.285714285714286,8.004119818350894,1.8571428571428572
2025-03-24,7.0,13.0,11.0,2139.0,7.0,True,4.0,0,3,0,0,2136.0,2111.0,2125.0,2122.714285714286,10.2585620243949,2119.9285714285716,7.95411906027315,2.0,8.0,23.0,6.142857142857143,2.5448360410629816,8.285714285714286,5.928141120405622,2.4285714285714284
2025-03-25,12.0,19.0,7.0,2145.0,6.0,True,1.0,1,3,0,0,2139.0,2109.0,2116.0,2126.714285714286,10.387721669126094,2120.9285714285716,9.39101096517547,7.0,8.0,20.0,6.0,2.4494897427224465,7.142857142857143,4.148348009675662,4.142857142857143
2025-03-26,9.0,21.0,15.0,2159.0,2.0,True,13.0,2,3,0,0,2145.0,2119.0,2113.0,2131.8571428571427,8.970852247525228,2123.0,11.237148416319732,6.0,9.0,8.0,5.714285714285714,2.2886885410202504,6.142857142857143,1.8752289239114344,4.571428571428571
2025-03-27,1.0,19.0,13.0,2159.0,2.0,True,11.0,3,3,0,0,2159.0,2124.0,2116.0,2137.5714285714284,11.731114490536944,2126.285714285714,14.375226290529051,2.0,7.0,6.0,4.714285714285714,2.13808993522949,5.714285714285714,2.0913216811905393,5.714285714285714
2025-03-28,4.0,19.333333333333332,10.0,2168.6666666666665,2.0,False,8.0,4,3,0,0,2159.0,2128.0,2116.3333333333335,2142.5714285714284,12.421180050905566,2129.3571428571427,16.452191447685365,2.0,5.0,6.0,4.0,2.0816659993941458,5.428571428571429,2.310986659686956,6.714285714285714
2025-03-29,6.0,19.666666666666668,8.0,2178.3333333333335,2.0,False,6.0,5,3,0,0,2168.6666666666665,2132.0,2116.6666666666665,2148.3809523809523,13.893015244628462,2133.095238095238,19.0116602036695,2.0,4.0,5.0,3.5714285714285716,2.149196970672406,5.142857142857143,2.476260917686251,7.142857142857143
2025-03-30,9.0,20.0,5.0,2188.0,2.0,True,3.0,6,3,0,0,2178.3333333333335,2136.0,2117.0,2155.0,15.706804362303075,2137.5,21.845123070512265,2.0,2.0,5.0,3.2857142857142856,2.214669705500443,4.928571428571429,2.6154654158011583,7.142857142857143
2025-03-31,9.0,25.0,8.0,2193.0,5.0,True,3.0,0,3,0,1,2188.0,2139.0,2111.0,2162.4285714285716,17.42573052208823,2142.5714285714284,24.76606051866173,2.0,7.0,8.0,3.2857142857142856,2.214669705500443,4.714285714285714,2.7295694625970595,6.571428571428571
2025-04-01,17.0,36.0,7.0,2191.0,12.0,True,-5.0,1,4,1,0,2193.0,2145.0,2109.0,2170.1428571428573,17.277535330190634,2148.4285714285716,26.369636964012777,5.0,6.0,8.0,3.0,1.7320508074820449,4.5,2.564551242911007,6.428571428571429
2025-04-02,5.0,31.0,16.0,2208.0,3.0,True,13.0,2,4,0,0,2191.0,2159.0,2119.0,2176.714285714286,14.67225721721903,2154.285714285714,26.04298129041225,12.0,2.0,9.0,3.857142857142857,3.7606990231281845,4.785714285714286,3.1422327052939925,5.571428571428571
2025-04-03,12.0,26.0,18.0,2223.0,8.0,True,10.0,3,4,0,0,2208.0,2159.0,2124.0,2183.714285714286,16.399445067296437,2160.6428571428573,27.584048499729278,3.0,2.0,7.0,4.0,3.6968455020959374,4.357142857142857,2.9248837678681543,5.571428571428571
2025-04-04,10.0,22.0,14.0,2226.6666666666665,9.0,False,5.0,4,4,0,0,2223.0,2168.6666666666665,2128.0,2192.8571428571427,18.078898208146498,2167.714285714286,30.04750004755333,8.0,2.0,5.0,4.857142857142857,3.8483144114306773,4.428571428571429,3.005489483189131,5.428571428571429
2025-04-05,9.0,18.0,11.0,2230.3333333333335,10.0,False,1.0,5,4,0,0,2226.6666666666665,2178.3333333333335,2132.0,2201.1428571428573,18.43191388081691,2174.761904761905,31.549561766054342,9.0,2.0,4.0,5.857142857142857,3.8913824204978193,4.714285714285714,3.2446066831074423,5.0
2025-04-06,7.0,14.0,7.0,2234.0,11.0,True,-4.0,6,4,0,0,2230.3333333333335,2188.0,2136.0,2208.5714285714284,18.183951282130273,2181.785714285714,32.235672536703646,10.0,2.0,2.0,7.0,3.74165738673433,5.142857142857143,3.526976104278658,4.285714285714286
2025-04-07,12.0,22.0,9.0,2237.0,5.0,True,4.0,0,4,0,0,2234.0,2193.0,2139.0,2215.1428571428573,17.818900838390178,2188.785714285714,32.16878753676726,11.0,5.0,7.0,8.285714285714286,3.2513733361663575,5.785714285714286,3.724731718421811,3.2857142857142856
2025-04-08,12.0,34.0,12.0,2243.0,9.0,True,3.0,1,4,0,0,2237.0,2191.0,2145.0,2221.4285714285716,16.4110557520911,2195.785714285714,31.14828256854723,5.0,12.0,6.0,8.285714285714286,3.2513733361663575,5.642857142857143,3.7129118338987874,3.4285714285714284
2025-04-09,6.0,19.0,10.0,2251.0,5.0,True,5.0,2,4,0,0,2243.0,2208.0,2159.0,2228.8571428571427,11.321655963496868,2202.785714285714,29.841635331823372,9.0,3.0,2.0,7.857142857142857,2.85356919358225,5.857142857142857,3.8201317508690193,4.571428571428571
2025-04-10,18.0,25.0,17.0,2265.0,6.0,True,11.0,3,4,0,0,2251.0,2223.0,2159.0,2235.0,9.662834467514593,2209.3571428571427,29.58645575449151,5.0,8.0,2.0,8.142857142857142,2.3401261666618103,6.071428571428571,3.6682480773026507,3.4285714285714284
2025-04-11,8.0,22.0,8.0,2267.0,9.0,True,-1.0,4,4,0,0,2265.0,2226.6666666666665,2168.6666666666665,2241.0,13.318046776720129,2216.9285714285716,29.26979674468003,6.0,9.0,2.0,7.857142857142857,2.478478796068599,6.357142857142857,3.477557561564833,3.5714285714285716
2025-04-12,6.0,24.0,9.0,2275.0,6.0,False,3.0,5,4,0,0,2267.0,2230.3333333333335,2178.3333333333335,2246.761904761905,14.73307475173913,2223.9523809523807,28.588102587147482,9.0,10.0,2.0,7.857142857142857,2.478478796068599,6.857142857142857,3.3016812235114714,2.7142857142857144
2025-04-13,5.0,26.0,10.0,2283.0,3.0,True,7.0,6,4,0,0,2275.0,2234.0,2188.0,2253.1428571428573,16.04606462823126,2230.8571428571427,28.3954716205992,6.0,11.0,2.0,7.285714285714286,2.360387377345604,7.142857142857143,3.009143575094727,3.0
2025-04-14,5.0,26.0,9.0,2282.0,13.0,True,-4.0,0,4,0,0,2283.0,2237.0,2193.0,2260.1428571428573,16.964949849235698,2237.6428571428573,28.71536242719697,3.0,5.0,5.0,6.142857142857143,2.193062655107339,7.214285714285714,2.8870685540446615,4.571428571428571
2025-04-15,4.0,19.0,12.0,2286.0,7.0,True,5.0,1,4,0,0,2282.0,2243.0,2191.0,2266.5714285714284,15.164180839408505,2244.0,27.912255683607146,13.0,9.0,12.0,7.285714285714286,3.302235894733414,7.785714285714286,3.190817870375307,3.4285714285714284
2025-04-16,11.0,30.0,5.0,2291.0,8.0,True,-3.0,2,4,0,0,2286.0,2251.0,2208.0,2272.714285714286,12.499523783581823,2250.785714285714,25.47786274149238,7.0,5.0,3.0,7.0,3.2145502536182113,7.428571428571429,2.953857600810008,3.7142857142857144
2025-04-17,7.0,26.0,10.0,2288.0,14.0,True,-4.0,3,4,0,0,2291.0,2265.0,2223.0,2278.4285714285716,9.761440153187221,2256.714285714286,24.389593254191727,8.0,6.0,8.0,7.428571428571429,3.101458950034912,7.785714285714286,2.665407211850251,2.5714285714285716
2025-04-18,6.0,22.333333333333332,9.0,2293.6666666666665,11.0,False,-2.0,4,4,0,0,2288.0,2267.0,2226.6666666666665,2281.714285714286,8.24043454457837,2261.3571428571427,23.653649110605144,14.0,9.0,9.0,8.571428571428571,3.866830866754614,8.214285714285714,3.1422327052930643,0.42857142857142855
2025-04-19,5.0,18.666666666666668,7.0,2299.3333333333335,7.0,False,0.0,5,4,0,0,2293.6666666666665,2275.0,2230.3333333333335,2285.5238095238096,6.2208047933797435,2266.1428571428573,22.859554212879758,11.0,6.0,10.0,8.857142857142858,3.9761191895149985,8.357142857142858,3.225073472292632,0.2857142857142857
2025-04-20,4.0,15.0,6.0,2305.0,4.0,True,2.0,6,4,0,0,2299.3333333333335,2283.0,2234.0,2289.0,6.158402837184021,2271.0714285714284,21.965854849083513,7.0,3.0,11.0,9.0,3.87298334616943,8.142857142857142,3.2071349030406258,-0.14285714285714285
2025-04-21,10.0,25.0,5.0,2308.0,6.0,True,-1.0,0,4,0,0,2305.0,2282.0,2237.0,2292.1428571428573,7.941585650741237,2276.1428571428573,20.91975482380754,4.0,13.0,5.0,9.142857142857142,3.6253078686593025,7.642857142857143,3.272428946421783,-0.8571428571428571
2025-04-22,7.0,19.0,14.0,2305.0,17.0,True,-3.0,1,4,0,0,2308.0,2286.0,2243.0,2295.8571428571427,8.469678229715738,2281.214285714286,19.239208167153222,6.0,7.0,9.0,8.142857142857142,3.338091841540907,7.714285714285714,3.220811446547938,-0.42857142857142855
2025-04-23,3.0,23.0,4.0,2300.0,11.0,True,-7.0,2,4,0,0,2305.0,2291.0,2251.0,2298.5714285714284,7.802455155777607,2285.6428571428573,16.73956585353562,17.0,8.0,5.0,9.571428571428571,4.649628761390956,8.285714285714286,4.065399430321626,-1.5714285714285714
2025-04-24,3.0,9.0,7.0,2294.0,13.0,True,-6.0,3,4,0,0,2300.0,2288.0,2265.0,2299.8571428571427,7.052336443699404,2289.1428571428573,13.804318846321419,11.0,14.0,6.0,10.0,4.618802153485271,8.714285714285714,4.008233284942409,-2.142857142857143
2025-04-25,5.0,19.333333333333336,9.0,2296.3333333333335,10.0,False,-1.0,4,4,0,0,2294.0,2293.6666666666665,2267.0,2300.714285714286,5.582474428400625,2291.214285714286,11.95476313725979,13.0,11.0,9.0,9.857142857142858,4.488079449225897,9.214285714285714,4.079565803298489,-2.4285714285714284
2025-04-26,7.0,29.666666666666668,10.0,2298.6666666666665,7.0,False,3.0,5,4,0,0,2296.3333333333335,2299.3333333333335,2275.0,2301.095238095238,5.090711492030275,2293.309523809524,9.752023064652475,10.0,7.0,6.0,9.714285714285714,4.461475305823,9.285714285714286,4.084277008468433,-2.2857142857142856
2025-04-27,9.0,40.0,12.0,2301.0,4.0,True,8.0,6,4,0,0,2298.6666666666665,2305.0,2283.0,2301.0,5.1352088516545,2295.0,8.273115779194287,7.0,4.0,3.0,9.714285714285714,4.461475305823,9.357142857142858,4.03078810505313,-1.8571428571428572
2025-04-28,6.0,26.0,12.0,2307.0,8.0,True,4.0,0,4,0,0,2301.0,2308.0,2282.0,2300.4285714285716,4.829363405508154,2296.285714285714,7.639144756319411,4.0,6.0,13.0,9.714285714285714,4.461475305823,9.428571428571429,3.9167153765935403,-1.0
2025-04-29,11.0,25.0,11.0,2304.0,15.0,True,-4.0,1,4,0,0,2307.0,2305.0,2286.0,2300.285714285714,4.5762209869609105,2298.0714285714284,6.9321233980469446,8.0,17.0,7.0,10.0,4.242640687084736,9.071428571428571,3.791981128606315,-0.2857142857142857
2025-04-30,7.0,34.0,9.0,2309.0,12.0,True,-3.0,2,4,0,1,2304.0,2300.0,2291.0,2300.1428571428573,4.417377852631857,2299.3571428571427,6.1456179933344215,15.0,11.0,8.0,9.714285714285714,3.7289089429038667,9.642857142857142,4.049827021205162,-0.42857142857142855
2025-05-01,13.0,32.0,14.0,2306.0,16.0,True,-2.0,3,5,1,0,2309.0,2294.0,2288.0,2301.4285714285716,5.536793678280791,2300.6428571428573,6.14561799333119,12.0,13.0,14.0,9.857142857142858,3.8047589248068214,9.928571428571429,4.066075138699618,0.14285714285714285
2025-05-02,12.0,31.666666666666668,13.0,2315.6666666666665,12.0,False,1.0,4,5,0,0,2306.0,2296.3333333333335,2293.6666666666665,2303.1428571428573,4.638235342572325,2301.9285714285716,5.089252268436321,16.0,10.0,11.0,10.285714285714286,4.347960660409551,10.071428571428571,4.251050290459101,0.7142857142857143
2025-05-03,10.0,31.333333333333332,11.0,2325.3333333333335,9.0,False,2.0,5,5,0,0,2315.6666666666665,2298.6666666666665,2299.3333333333335,2305.904761904762,5.57013954999914,2303.5,5.7016267204888695,12.0,7.0,7.0,10.571428571428571,4.391550328235092,10.142857142857142,4.276179870667042,1.0
2025-05-04,9.0,31.0,10.0,2335.0,5.0,True,5.0,6,5,0,0,2325.3333333333335,2301.0,2305.0,2309.714285714286,8.26287673001046,2305.3571428571427,8.007970709161091,9.0,4.0,4.0,10.857142857142858,4.180453381620019,10.285714285714286,4.195759240587939,0.8571428571428571
2025-05-05,15.0,44.0,20.0,2331.0,17.0,True,3.0,0,5,0,0,2335.0,2307.0,2308.0,2314.5714285714284,11.604140822851281,2307.5,11.25899451621135,5.0,8.0,6.0,11.0,3.9157800414529493,10.357142857142858,4.087638830593349,0.42857142857142855
2025-05-06,10.0,33.0,16.0,2339.0,16.0,True,0.0,1,5,0,0,2331.0,2304.0,2305.0,2318.0,12.504813871107212,2309.1428571428573,12.896507378781724,17.0,15.0,17.0,12.285714285714286,4.231401884065285,11.142857142857142,4.2400497613358255,0.2857142857142857
2025-05-07,10.0,30.0,15.0,2335.0,10.0,True,5.0,2,5,0,0,2339.0,2309.0,2300.0,2323.0,12.962910036638107,2311.5714285714284,15.073851580534912,16.0,12.0,11.0,12.428571428571429,4.353433237353071,11.071428571428571,4.141056827542189,0.8571428571428571
2025-05-08,15.0,24.0,16.0,2361.0,11.0,True,5.0,3,5,0,0,2335.0,2306.0,2294.0,2326.714285714286,11.969759055898717,2314.0714285714284,15.887520548034699,10.0,16.0,13.0,12.142857142857142,4.450789122080824,11.0,4.150996173372301,2.0
2025-05-09,15.0,22.666666666666668,15.0,2369.0,8.0,False,7.0,4,5,0,0,2361.0,2315.6666666666665,2296.3333333333335,2334.5714285714284,13.987711901438589,2318.8571428571427,19.13546593153204,11.0,12.0,10.0,11.428571428571429,4.117326918291691,10.857142857142858,4.111094611132344,3.0
2025-05-10,15.0,21.333333333333332,13.0,2377.0,6.0,False,7.0,5,5,0,0,2369.0,2325.3333333333335,2298.6666666666665,2342.1904761904766,16.307073143351356,2324.0476190476193,22.17061162409884,8.0,9.0,7.0,10.857142857142858,4.298393941450486,10.714285714285714,4.177385480313277,3.857142857142857
2025-05-11,15.0,20.0,12.0,2385.0,3.0,True,9.0,6,5,0,0,2377.0,2335.0,2301.0,2349.5714285714284,18.89318344098633,2329.6428571428573,24.979124378310146,6.0,5.0,4.0,10.428571428571429,4.649628761391056,10.642857142857142,4.253634515798161,4.571428571428571
2025-05-12,7.0,33.0,14.0,2392.0,7.0,True,7.0,0,5,0,0,2385.0,2331.0,2307.0,2356.714285714286,21.70801913627462,2335.6428571428573,27.52821840499412,3.0,17.0,8.0,10.142857142857142,5.0803074522346385,10.571428571428571,4.380275469350777,5.142857142857143
2025-05-13,18.0,29.0,12.0,2394.0,11.0,True,1.0,1,5,0,0,2392.0,2339.0,2304.0,2365.4285714285716,21.90781551263448,2341.714285714286,29.98856111192832,7.0,16.0,15.0,8.714285714285714,4.151878519152587,10.5,4.433265856502321,5.714285714285714
2025-05-14,7.0,30.0,14.0,2394.0,11.0,True,3.0,2,5,0,0,2394.0,2335.0,2309.0,2373.285714285714,20.67780037032732,2348.1428571428573,30.91419453806439,11.0,10.0,12.0,8.0,2.943920288725787,10.214285714285714,4.245877121167795,5.857142857142857
2025-05-15,15.0,31.0,14.0,2410.0,14.0,True,0.0,3,5,0,0,2394.0,2361.0,2306.0,2381.714285714286,13.111245611646172,2354.214285714286,30.982103231388272,11.0,11.0,16.0,8.142857142857142,3.0783421635509085,10.142857142857142,4.221868759774461,5.571428571428571
2025-05-16,14.0,30.0,14.0,2419.0,12.0,False,2.0,4,5,0,0,2410.0,2369.0,2315.6666666666665,2388.714285714286,13.288018217776841,2361.6428571428573,31.00054157241499,14.0,8.0,12.0,8.571428571428571,3.6903993847215095,10.0,4.0382783841974375,4.857142857142857
2025-05-17,14.0,29.0,14.0,2428.0,11.0,False,3.0,5,5,0,0,2419.0,2377.0,2325.3333333333335,2395.8571428571427,14.322808967789825,2369.023809523809,31.509180401553934,12.0,6.0,9.0,9.142857142857142,3.891382420498279,10.0,4.0382783841974375,4.142857142857143
2025-05-18,13.0,28.0,14.0,2437.0,9.0,True,5.0,6,5,0,0,2428.0,2385.0,2335.0,2403.1428571428573,16.00446365012626,2376.3571428571427,32.49048889107178,11.0,3.0,5.0,9.857142857142858,3.6709931184758653,10.142857142857142,4.0355562548796176,3.5714285714285716
2025-05-19,7.0,27.0,17.0,2457.0,6.0,True,11.0,0,5,0,0,2437.0,2392.0,2331.0,2410.5714285714284,18.10945555609438,2383.6428571428573,33.90849030161139,9.0,7.0,17.0,10.714285714285714,2.214669705502273,10.428571428571429,3.7767361920472413,3.0
2025-05-20,10.0,44.5,15.0,2462.0,12.0,False,3.0,1,5,0,0,2457.0,2394.0,2339.0,2419.8571428571427,23.00310537143105,2392.6428571428573,35.543271881927936,6.0,11.0,16.0,10.571428571428571,2.5071326820536934,9.642857142857142,3.433032811713115,3.5714285714285716
2025-05-21,14.0,62.0,13.0,2467.0,18.0,True,-5.0,2,5,0,0,2462.0,2394.0,2335.0,2429.5714285714284,24.56865985775172,2401.4285714285716,36.453794331006364,12.0,11.0,10.0,10.714285714285714,2.5634797777895946,9.357142857142858,3.002745996095669,3.857142857142857
2025-05-22,18.0,36.0,17.0,2473.0,15.0,True,2.0,3,5,0,0,2467.0,2410.0,2361.0,2440.0,22.345767673561244,2410.8571428571427,34.991992808176036,18.0,14.0,11.0,11.714285714285714,3.77334006389617,9.928571428571429,3.7919811286061225,2.7142857142857144
2025-05-23,16.0,33.6,15.0,2479.2,14.0,False,1.0,4,5,0,0,2473.0,2419.0,2369.0,2449.0,20.888593368661315,2418.8571428571427,35.51566749492762,15.0,12.0,8.0,11.857142857142858,3.8913824204986605,10.214285714285714,4.022600984674254,3.0
2025-05-24,13.0,31.2,13.0,2485.4,13.0,False,0.0,5,5,0,0,2479.2,2428.0,2377.0,2457.6,18.763084312600764,2426.7285714285713,35.82629950903522,14.0,11.0,6.0,12.142857142857142,3.9761191895154493,10.642857142857142,4.087638830593289,2.857142857142857
2025-05-25,11.0,28.8,11.0,2491.6,13.0,False,-2.0,6,5,0,0,2485.4,2437.0,2385.0,2465.7999999999997,16.012078761221552,2434.4714285714285,35.965676559144505,13.0,9.0,3.0,12.428571428571429,3.952094080200662,11.142857142857142,3.899845023763538,2.4285714285714284
2025-05-26,8.0,26.4,9.0,2497.8,12.0,False,-3.0,0,5,0,0,2491.6,2457.0,2392.0,2473.6,12.57404732995719,2442.085714285714,35.970561837816405,13.0,6.0,7.0,13.0,3.6514837166614145,11.857142857142858,3.1343541319953983,1.4285714285714286
2025-05-27,6.0,24.0,7.0,2504.0,11.0,True,-4.0,1,5,0,0,2497.8,2462.0,2394.0,2479.4285714285716,13.044247028558084,2449.6428571428573,35.751723238640174,12.0,12.0,11.0,13.857142857142858,2.1157009419815322,12.214285714285714,2.8059982847832554,-0.5714285714285714
2025-05-28,12.0,39.0,12.0,2499.0,14.0,True,-2.0,2,5,0,0,2504.0,2467.0,2394.0,2485.4285714285716,13.347373544723414,2457.5,34.6528942105768,11.0,18.0,11.0,13.714285714285714,2.288688541022161,12.214285714285714,2.8059982847832554,-1.5714285714285714
2025-05-29,13.0,38.0,15.0,2506.0,11.0,True,4.0,3,5,0,0,2499.0,2473.0,2410.0,2490.0,11.30781438903757,2465.0,31.025051916152307,14.0,15.0,14.0,13.142857142857142,1.345185418161411,12.428571428571429,2.8206460176037313,-1.1428571428571428
2025-05-30,11.0,33.333333333333336,15.0,2513.3333333333335,11.0,False,4.0,4,5,0,0,2506.0,2479.2,2419.0,2494.714285714286,9.820289956443156,2471.8571428571427,28.434694800151103,11.0,14.0,12.0,12.571428571428571,1.2724180204466105,12.214285714285714,2.8059982847832554,-0.8571428571428571
2025-05-31,10.0,28.666666666666664,16.0,2520.6666666666665,12.0,False,4.0,5,5,0,1,2513.3333333333335,2485.4,2428.0,2499.590476190476,9.293042263512586,2478.595238095238,26.020234922042402,11.0,13.0,11.0,12.142857142857142,1.2149857924682315,12.142857142857142,2.824539250674753,-0.42857142857142855
2025-06-01,8.0,24.0,16.0,2528.0,12.0,True,4.0,6,6,1,0,2520.6666666666665,2491.6,2437.0,2504.628571428572,9.860047093782446,2485.214285714286,23.85605234435619,12.0,13.0,9.0,12.0,1.154700538253255,12.214285714285714,2.8059982847832554,0.14285714285714285
2025-06-02,10.0,19.0,5.0,2518.0,16.0,True,-11.0,0,6,0,0,2528.0,2497.8,2457.0,2509.8285714285716,11.33227817748481,2491.714285714286,22.036588516747457,12.0,12.0,6.0,11.857142857142858,1.0690449675135318,12.428571428571429,2.6519741766365046,1.0
2025-06-03,5.0,23.0,11.0,2519.0,15.0,True,-4.0,1,6,0,0,2518.0,2504.0,2462.0,2512.714285714286,10.282002543819388,2496.0714285714284,20.630480555764937,16.0,11.0,12.0,12.428571428571429,1.9023794623463308,13.142857142857142,2.0701966781668117,-0.14285714285714285
2025-06-04,4.0,16.0,9.0,2516.0,16.0,True,-7.0,2,6,0,0,2519.0,2499.0,2467.0,2514.8571428571427,9.710355548725115,2500.1428571428573,18.94486570954966,15.0,14.0,18.0,13.0,1.9999999999275313,13.357142857142858,2.097879620397022,-0.14285714285714285
2025-06-05,8.0,26.0,5.0,2503.0,21.0,True,-16.0,3,6,0,0,2516.0,2506.0,2473.0,2517.285714285714,6.761625271439034,2503.6428571428573,16.749978594213257,16.0,11.0,15.0,13.285714285714286,2.2886885410220588,13.214285714285714,1.8050600429958705,-0.8571428571428571
2025-06-06,9.0,22.666666666666668,8.0,2504.3333333333335,18.0,False,-10.0,4,6,0,0,2503.0,2513.3333333333335,2479.2,2516.8571428571427,7.634854607834219,2505.785714285714,14.262500684090258,21.0,11.0,14.0,14.714285714285714,3.4503277966700385,13.642857142857142,2.7345972241995247,-3.7142857142857144
2025-06-07,9.0,19.333333333333332,12.0,2505.6666666666665,16.0,False,-4.0,5,6,0,0,2504.3333333333335,2520.6666666666665,2485.4,2515.5714285714284,8.968492739895188,2507.580952380952,12.072329849115162,18.0,12.0,13.0,15.714285714285714,3.1997023670660933,13.928571428571429,2.9733246276242062,-5.714285714285714
2025-06-08,10.0,16.0,15.0,2507.0,13.0,True,2.0,6,6,0,0,2505.6666666666665,2528.0,2491.6,2513.4285714285716,9.332766400810684,2509.0285714285715,10.291768003852917,16.0,12.0,13.0,16.285714285714285,2.751622897699161,14.142857142857142,3.0091435750927498,-6.857142857142857
2025-06-09,8.0,21.0,14.0,2516.0,9.0,True,5.0,0,6,0,0,2507.0,2518.0,2497.8,2510.4285714285716,6.93545446902597,2510.128571428572,9.031510446917904,13.0,16.0,12.0,16.428571428571427,2.5071326820549804,14.142857142857142,3.0091435750927498,-7.142857142857143
2025-06-10,17.0,28.0,7.0,2511.0,12.0,True,-5.0,1,6,0,0,2516.0,2519.0,2504.0,2510.1428571428573,6.604872308813078,2511.4285714285716,8.408815668852872,9.0,15.0,11.0,15.428571428571429,3.77964473005428,13.928571428571429,3.2690691622219417,-4.857142857142857
2025-06-11,16.0,27.428571428571427,7.0,2512.714285714286,12.0,False,-5.0,2,6,0,0,2511.0,2516.0,2499.0,2509.0,5.398902456932486,2511.9285714285716,8.136840968872947,12.0,16.0,14.0,15.0,3.999999999964041,14.0,3.2105595008143784,-5.0
2025-06-12,14.0,26.857142857142858,8.0,2514.4285714285716,13.0,False,-5.0,3,6,0,0,2512.714285714286,2503.0,2506.0,2508.530612244898,4.798307527165901,2512.908163265306,7.236347026843606,12.0,21.0,11.0,14.428571428571429,4.1173269182920915,13.857142857142858,3.2547513874309963,-4.714285714285714
2025-06-13,13.0,26.285714285714285,8.0,2516.1428571428573,13.0,False,-5.0,4,6,0,0,2514.4285714285716,2504.3333333333335,2513.3333333333335,2510.163265306123,4.540225569886014,2513.5102040816323,6.962845986802067,13.0,18.0,11.0,13.285714285714286,2.9277002187961463,14.0,3.1622776602596367,-3.142857142857143
2025-06-14,11.0,25.714285714285715,9.0,2517.8571428571427,13.0,False,-4.0,5,6,0,0,2516.1428571428573,2505.6666666666665,2520.6666666666665,2511.8503401360545,4.19376025994416,2513.7108843537417,6.997756112572158,13.0,16.0,12.0,12.571428571428571,2.070196677956934,14.142857142857142,3.059842702364663,-2.4285714285714284
2025-06-15,10.0,25.142857142857142,9.0,2519.5714285714284,13.0,False,-4.0,6,6,0,0,2517.8571428571427,2507.0,2528.0,2513.591836734694,3.6999986315417366,2513.5102040816323,6.820988051218473,13.0,13.0,12.0,12.142857142857142,1.4638501093234602,14.214285714285714,3.017349102270469,-2.4285714285714284
2025-06-16,8.0,24.571428571428573,10.0,2521.285714285714,14.0,False,-4.0,0,6,0,0,2519.5714285714284,2516.0,2518.0,2515.387755102041,2.940121504375444,2512.908163265306,5.728111022169717,13.0,9.0,16.0,12.142857142857142,1.4638501093234602,14.285714285714286,2.972400517383469,-3.2857142857142856
2025-06-17,7.0,24.0,10.0,2523.0,14.0,True,-4.0,1,6,0,0,2521.285714285714,2511.0,2519.0,2516.1428571428573,3.7032803439674193,2513.1428571428573,6.013009928546327,14.0,12.0,15.0,12.857142857142858,0.6900655591321955,14.142857142857142,2.93145127777753,-4.571428571428571
2025-06-18,8.0,21.5,8.0,2512.0,16.0,False,-8.0,2,6,0,0,2523.0,2512.714285714286,2516.0,2517.8571428571427,3.7032803439808477,2513.4285714285716,6.395587631175162,14.0,12.0,16.0,13.142857142857142,0.6900655591324242,14.071428571428571,2.921124275607608,-4.428571428571429
2025-06-19,8.0,19.0,7.0,2501.0,18.0,True,-11.0,3,6,0,0,2512.0,2514.4285714285716,2503.0,2517.7551020408164,3.874488533910424,2513.1428571428573,6.361130458376799,16.0,13.0,21.0,13.714285714285714,1.112697280398464,14.071428571428571,2.921124275607608,-4.857142857142857
2025-06-20,8.0,17.0,6.0,2503.3333333333335,14.0,False,-8.0,4,6,0,0,2501.0,2516.1428571428573,2504.3333333333335,2515.836734693878,7.460749224386579,2513.0,6.623486552797297,18.0,13.0,18.0,14.428571428571429,1.902379462346907,13.857142857142858,2.4449993821265847,-5.714285714285714
2025-06-21,7.0,15.0,6.0,2505.6666666666665,11.0,False,-5.0,5,6,0,0,2503.3333333333335,2517.8571428571427,2505.6666666666665,2514.006802721088,8.820217791985137,2512.9285714285716,6.728694971526855,14.0,13.0,16.0,14.571428571428571,1.8126539342704473,13.571428571428571,2.138089935434536,-6.142857142857143
2025-06-22,7.0,13.0,5.0,2508.0,7.0,True,-2.0,6,6,0,0,2505.6666666666665,2519.5714285714284,2507.0,2512.265306122449,9.131269798601856,2512.9285714285716,6.728694971526855,11.0,13.0,13.0,14.285714285714286,2.2146697055031557,13.214285714285714,2.1187286257540108,-6.285714285714286
2025-06-23,3.0,15.0,5.0,2495.0,17.0,True,-12.0,0,6,0,0,2508.0,2521.285714285714,2516.0,2510.612244897959,8.621346182624402,2513.0,6.665934044017328,7.0,14.0,9.0,13.428571428571429,3.5523298859703614,12.785714285714286,2.694112425052261,-6.0
2025-06-24,5.0,20.0,5.0,2489.0,16.0,True,-11.0,1,6,0,0,2495.0,2523.0,2511.0,2506.8571428571427,8.917018958397476,2511.5,8.138941515143543,17.0,14.0,12.0,13.857142857142858,3.804758924807396,13.357142857142858,2.6777471260199155,-7.142857142857143
2025-06-25,6.0,12.0,2.0,2470.0,24.0,True,-22.0,2,6,0,0,2489.0,2512.0,2512.714285714286,2502.0,7.855170481575593,2509.9285714285716,10.12452987800972,16.0,16.0,12.0,14.142857142857142,3.891382420498982,13.642857142857142,2.7345972241995242,-8.142857142857142
2025-06-26,3.0,9.0,7.0,2447.0,35.0,True,-28.0,3,6,0,0,2470.0,2501.0,2514.4285714285716,2496.0,13.179670075319551,2506.8775510204077,14.646574351575506,24.0,18.0,13.0,15.285714285714286,5.407226205533469,14.5,3.8380684245262677,-10.142857142857142
2025-06-27,4.0,11.666666666666666,7.0,2435.6666666666665,30.0,False,-23.0,4,6,0,0,2447.0,2503.3333333333335,2516.1428571428573,2488.285714285714,22.36683106444135,2502.061224489796,21.469715724135224,35.0,14.0,13.0,17.714285714285715,9.268482179109869,16.071428571428573,6.650208622731198,-12.571428571428571
2025-06-28,4.0,14.333333333333332,7.0,2424.3333333333335,25.0,False,-18.0,5,6,0,0,2435.6666666666665,2505.6666666666665,2517.8571428571427,2478.6190476190473,28.54783416598203,2496.312925170068,27.37162583626197,30.0,11.0,13.0,20.0,10.132456102366518,17.285714285714285,7.538910056217439,-14.714285714285714
2025-06-29,5.0,17.0,7.0,2413.0,20.0,True,-13.0,6,6,0,0,2424.3333333333335,2508.0,2519.5714285714284,2467.0,32.042217515219114,2489.6326530612246,32.61880125718794,25.0,7.0,13.0,22.0,9.416297927868824,18.142857142857142,7.694724894975867,-16.571428571428573
2025-06-30,9.0,22.0,8.0,2407.0,16.0,True,-8.0,0,6,0,1,2413.0,2495.0,2521.285714285714,2453.4285714285716,31.900722315399282,2482.020408163265,37.20711880155628,20.0,17.0,14.0,23.857142857142858,6.914443130812914,18.642857142857142,7.561106378758269,-18.142857142857142
2025-07-01,7.0,14.0,6.0,2391.0,22.0,True,-16.0,1,7,1,0,2407.0,2489.0,2523.0,2440.8571428571427,30.075126385447273,2473.8571428571427,40.33528588197949,16.0,16.0,14.0,23.714285714285715,7.087883692458361,18.785714285714285,7.485150133968029,-17.571428571428573
2025-07-02,8.0,20.0,9.0,2373.0,38.0,True,-29.0,2,7,0,0,2391.0,2470.0,2512.0,2426.8571428571427,26.530106679641346,2464.4285714285716,43.28427767417067,22.0,24.0,16.0,24.571428571428573,6.320789582963811,19.357142857142858,7.396539137283011,-18.285714285714285
2025-07-03,7.0,19.25,7.0,2362.75,30.0,False,-23.0,3,7,0,0,2373.0,2447.0,2501.0,2413.0,25.554589345611266,2454.5,47.28956987592228,38.0,35.0,18.0,26.571428571428573,8.079957567056857,20.928571428571427,8.827093656359825,-19.285714285714285
2025-07-04,6.0,18.5,6.0,2352.5,23.0,False,-17.0,4,7,0,0,2362.75,2435.6666666666665,2503.3333333333335,2400.964285714286,26.687312188758103,2444.625,51.11264949384649,30.0,30.0,14.0,25.857142857142858,7.403345447110251,21.785714285714285,9.099269382607995,-18.571428571428573
2025-07-05,5.0,17.75,4.0,2342.25,16.0,False,-12.0,5,7,0,0,2352.5,2424.3333333333335,2505.6666666666665,2389.0833333333335,27.17139528634204,2433.851190476191,53.621060598857355,23.0,25.0,11.0,24.857142857142858,7.221001117752325,22.428571428571427,8.820555413507739,-17.714285714285715
2025-07-06,4.0,17.0,2.0,2332.0,8.0,True,-6.0,6,7,0,0,2342.25,2413.0,2508.0,2377.3571428571427,27.135407804686043,2422.1785714285716,54.56376001936823,16.0,20.0,7.0,23.571428571428573,7.955231881311571,22.785714285714285,8.414077685478402,-16.857142857142858
2025-07-07,3.0,18.0,8.0,2317.0,20.0,True,-12.0,0,7,0,0,2332.0,2407.0,2495.0,2365.785714285714,26.669438092215824,2409.6071428571427,53.53498964455678,8.0,16.0,17.0,21.857142857142858,9.906707684320608,22.857142857142858,8.272820585515113,-15.857142857142858
2025-07-08,5.0,16.0,8.0,2306.0,20.0,True,-12.0,1,7,0,0,2317.0,2391.0,2489.0,2352.9285714285716,25.139077426749164,2396.8928571428573,52.8269573601916,20.0,22.0,16.0,22.428571428571427,9.623879031802513,23.071428571428573,8.147338269624177,-16.428571428571427
2025-07-09,2.0,18.0,0.0,2281.0,32.0,True,-32.0,2,7,0,0,2306.0,2373.0,2470.0,2340.785714285714,24.195569735382897,2383.8214285714284,50.887999792063006,20.0,38.0,24.0,22.142857142857142,9.66830856333778,23.357142857142858,7.94797645132967,-15.857142857142858
2025-07-10,2.0,12.0,3.0,2252.0,39.0,True,-36.0,3,7,0,0,2281.0,2362.75,2447.0,2327.6428571428573,28.401825470506544,2370.3214285714284,51.33498641793655,32.0,30.0,35.0,21.285714285714285,8.17953311042147,23.928571428571427,8.278464050385637,-16.285714285714285
2025-07-11,2.0,12.333333333333334,3.0,2236.0,29.0,False,-26.0,4,7,0,0,2252.0,2352.5,2435.6666666666665,2311.8214285714284,35.53657571947142,2356.3928571428573,55.235813710349674,39.0,23.0,30.0,22.571428571428573,10.228345302089105,24.214285714285715,8.745799619792969,-18.142857142857142
2025-07-12,1.0,12.666666666666666,4.0,2220.0,20.0,False,-16.0,5,7,0,0,2236.0,2342.25,2424.3333333333335,2295.1785714285716,40.27476315508383,2342.130952380952,58.85145099947045,29.0,16.0,25.0,23.428571428571427,10.517559014275566,24.142857142857142,8.698869447858707,-19.428571428571427
2025-07-13,1.0,13.0,4.0,2204.0,10.0,True,-6.0,6,7,0,0,2220.0,2332.0,2413.0,2277.714285714286,42.88245283892701,2327.535714285714,62.14242768778476,20.0,8.0,20.0,24.0,10.148891565078534,23.785714285714285,8.763372826558497,-20.0
2025-07-14,2.0,9.0,1.0,2181.0,26.0,True,-25.0,0,7,0,0,2204.0,2317.0,2407.0,2259.4285714285716,43.16579333063028,2312.6071428571427,65.06725177074836,10.0,20.0,16.0,24.285714285714285,9.638711630943446,23.071428571428573,9.47437260531261,-20.0
2025-07-15,0.0,8.0,5.0,2171.0,17.0,True,-12.0,1,7,0,0,2181.0,2306.0,2391.0,2240.0,43.53925431426806,2296.464285714286,67.8237859037457,26.0,20.0,22.0,25.142857142857142,9.459185508061143,23.785714285714285,9.275099596663805,-21.857142857142858
2025-07-16,1.0,9.0,0.0,2164.0,11.0,True,-11.0,2,7,0,0,2171.0,2281.0,2373.0,2220.714285714286,39.10547397504364,2280.75,69.69604337256271,17.0,32.0,38.0,24.714285714285715,9.793097666442673,23.428571428571427,9.443877020978956,-21.857142857142858
2025-07-17,3.0,16.0,2.0,2153.0,17.0,True,-15.0,3,7,0,0,2164.0,2252.0,2362.75,2204.0,33.66996682862059,2265.8214285714284,70.79136658286598,11.0,39.0,30.0,21.714285714285715,10.387721689787499,21.5,8.985030285498969,-18.857142857142858
2025-07-18,3.0,16.5,3.0,2145.0,17.0,False,-14.0,4,7,0,0,2153.0,2236.0,2352.5,2189.8571428571427,30.818979921185665,2250.839285714286,70.89507463424692,17.0,29.0,23.0,18.571428571428573,7.091242083403344,20.571428571428573,8.706445761776951,-15.857142857142858
2025-07-19,4.0,17.0,4.0,2137.0,16.0,False,-12.0,5,7,0,0,2145.0,2220.0,2342.25,2176.8571428571427,27.076610879410826,2236.0178571428573,69.68669337663769,17.0,20.0,16.0,16.857142857142858,5.398412465028176,20.142857142857142,8.725357765297357,-14.142857142857142
2025-07-20,4.0,17.5,6.0,2129.0,16.0,False,-10.0,6,7,0,0,2137.0,2204.0,2332.0,2165.0,22.88376424975042,2221.3571428571427,67.16295584335256,16.0,10.0,8.0,16.285714285714285,5.219012860475538,20.142857142857142,8.725357765297357,-13.571428571428571
2025-07-21,4.0,18.0,7.0,2121.0,16.0,True,-9.0,0,7,0,0,2129.0,2181.0,2317.0,2154.285714285714,18.768007214645078,2206.8571428571427,63.23686503262979,16.0,26.0,20.0,17.142857142857142,4.45078912208145,20.714285714285715,8.10914556280793,-14.142857142857142
2025-07-22,5.0,13.0,3.0,2117.0,16.0,True,-13.0,1,7,0,0,2121.0,2171.0,2306.0,2145.714285714286,18.22739956243018,2192.8571428571427,58.4950453450948,16.0,17.0,20.0,15.714285714285714,2.138089935232327,20.428571428571427,8.206135469343996,-11.857142857142858
2025-07-23,6.0,21.0,5.0,2111.0,14.0,True,-9.0,2,7,0,0,2117.0,2164.0,2281.0,2138.0,17.136705232821438,2179.3571428571427,51.800812504042455,16.0,11.0,32.0,15.571428571428571,2.0701966779577576,20.142857142857142,8.291396308693699,-12.0
2025-07-24,6.0,18.0,7.0,2096.0,29.0,True,-22.0,3,7,0,0,2111.0,2153.0,2252.0,2130.4285714285716,15.34988753015977,2167.214285714286,45.70840450085083,14.0,17.0,39.0,16.0,0.9999999998567579,18.857142857142858,7.68472153402542,-11.714285714285714
2025-07-25,4.0,16.0,5.0,2093.3333333333335,21.0,False,-16.0,4,7,0,0,2096.0,2145.0,2236.0,2122.285714285714,16.459184714735997,2156.0714285714284,42.34013242117122,29.0,17.0,29.0,17.714285714285715,5.056820005808389,18.142857142857142,5.933699622441414,-12.714285714285714
2025-07-26,3.0,14.0,4.0,2090.6666666666665,12.0,False,-8.0,5,7,0,0,2093.3333333333335,2137.0,2220.0,2114.904761904762,16.15745931859663,2145.8809523809523,38.62898410461025,21.0,16.0,20.0,18.285714285714285,5.18698003702327,17.571428571428573,5.1398037334273345,-13.0
2025-07-27,1.0,12.0,2.0,2088.0,4.0,True,-2.0,6,7,0,0,2090.6666666666665,2129.0,2204.0,2108.285714285714,15.049829037752843,2136.6428571428573,34.816850302248355,12.0,16.0,10.0,17.714285714285715,5.677860093187453,17.0,5.291502622183242,-12.428571428571429
2025-07-28,2.0,9.0,3.0,2080.0,14.0,True,-11.0,0,7,0,0,2088.0,2121.0,2181.0,2102.4285714285716,13.547877070333682,2128.3571428571427,31.165525634045558,4.0,16.0,26.0,16.0,7.724420150819103,16.571428571428573,6.085471800406267,-11.285714285714286
2025-07-29,2.0,8.0,3.0,2072.0,12.0,True,-9.0,1,7,0,0,2080.0,2117.0,2171.0,2096.5714285714284,13.03373724017303,2121.1428571428573,29.697539194357844,14.0,16.0,17.0,15.714285714285714,7.761320457100613,15.714285714285714,5.469194448240274,-11.571428571428571
2025-07-30,4.0,15.0,4.0,2063.0,16.0,True,-12.0,2,7,0,0,2072.0,2111.0,2164.0,2090.1428571428573,12.358618422083097,2114.0714285714284,28.68192157805036,12.0,14.0,11.0,15.142857142857142,7.883074092165426,15.357142857142858,5.541551335985813,-11.0
2025-07-31,2.0,9.0,6.0,2058.0,15.0,True,-9.0,3,7,0,1,2063.0,2096.0,2153.0,2083.285714285714,12.172264404408681,2106.8571428571427,27.84748275408979,16.0,29.0,17.0,15.428571428571429,7.870983480613708,15.714285714285714,5.3984124651078185,-11.428571428571429
2025-08-01,3.0,14.666666666666668,5.0,2055.0,12.0,False,-7.0,4,8,1,0,2058.0,2093.3333333333335,2145.0,2077.8571428571427,13.906908929327983,2100.0714285714284,27.308049151977112,15.0,21.0,17.0,13.428571428571429,5.159365040269819,15.571428571428571,5.388224849942846,-9.571428571428571
2025-08-02,4.0,20.333333333333336,4.0,2052.0,8.0,False,-4.0,5,8,0,0,2055.0,2090.6666666666665,2137.0,2072.3809523809523,14.337762312774638,2093.6428571428573,26.499303103487836,12.0,12.0,16.0,12.142857142857142,3.9339789623102797,15.214285714285714,5.451585110805425,-8.285714285714286
2025-08-03,5.0,26.0,3.0,2049.0,5.0,True,-2.0,6,8,0,0,2052.0,2088.0,2129.0,2066.8571428571427,13.545338314049909,2087.5714285714284,25.520706721486388,8.0,4.0,16.0,11.571428571428571,4.23702501197358,14.642857142857142,5.772709573913447,-7.714285714285714
2025-08-04,5.0,22.0,11.0,2040.0,14.0,True,-3.0,0,8,0,0,2049.0,2080.0,2121.0,2061.285714285714,11.220729097091793,2081.8571428571427,24.465469928392,5.0,14.0,16.0,11.714285714285714,3.9460649476582996,13.857142857142858,6.298438669297906,-7.714285714285714
2025-08-05,2.0,21.0,10.0,2042.0,14.0,True,-4.0,1,8,0,0,2040.0,2072.0,2117.0,2055.5714285714284,10.244626909634754,2076.0714285714284,24.07118310719023,14.0,12.0,16.0,11.714285714285714,3.9460649476582996,13.714285714285714,6.268708263851576,-6.571428571428571
2025-08-06,4.0,17.0,3.0,2036.0,13.0,True,-10.0,2,8,0,0,2042.0,2063.0,2111.0,2051.285714285714,8.320943143843696,2070.714285714286,22.560027110201464,14.0,16.0,14.0,12.0,4.041451884291408,13.571428571428571,6.235312412357449,-5.857142857142857
2025-08-07,4.0,18.0,6.0,2031.0,17.0,True,-11.0,3,8,0,0,2036.0,2058.0,2096.0,2047.4285714285713,8.243323390304717,2065.3571428571427,21.116471595978147,13.0,15.0,29.0,11.571428571428571,3.6903993847219834,13.5,6.235752992637978,-5.571428571428571
2025-08-08,3.0,18.0,7.0,2022.6666666666667,15.0,False,-8.0,4,8,0,0,2031.0,2055.0,2093.3333333333335,2043.5714285714287,8.772250595880434,2060.714285714286,21.006249439655967,17.0,12.0,21.0,11.857142857142858,4.059087394464371,12.642857142857142,4.533756175129473,-5.857142857142857
2025-08-09,1.0,18.0,7.0,2014.3333333333333,14.0,False,-7.0,5,8,0,0,2022.6666666666667,2052.0,2090.6666666666665,2038.952380952381,10.155145675531362,2055.666666666667,21.055482269281466,15.0,8.0,12.0,12.285714285714286,4.23140188406531,12.214285714285714,3.92582321464788,-6.0
2025-08-10,0.0,18.0,8.0,2006.0,12.0,True,-4.0,6,8,0,0,2014.3333333333333,2049.0,2088.0,2033.5714285714287,11.915931249943919,2050.214285714286,21.17796272697098,14.0,5.0,4.0,13.142857142857142,3.8047589248073197,12.357142857142858,3.953715737435886,-6.428571428571429
2025-08-11,6.0,23.0,4.0,1999.0,16.0,True,-12.0,0,8,0,0,2006.0,2040.0,2080.0,2027.4285714285713,13.601081484684883,2044.357142857143,21.262890228507317,12.0,14.0,14.0,14.142857142857142,1.573591584847236,12.928571428571429,3.149219334717971,-6.714285714285714
2025-08-12,8.0,38.0,9.0,1999.0,9.0,True,0.0,1,8,0,0,1999.0,2042.0,2072.0,2021.5714285714287,15.916116074156863,2038.5714285714287,21.83090751315104,16.0,14.0,12.0,14.428571428571429,1.7182493858846049,13.071428571428571,3.2454532862985213,-8.0
2025-08-13,6.0,22.0,12.0,1997.0,17.0,True,-5.0,2,8,0,0,1999.0,2036.0,2063.0,2015.4285714285713,14.98853175661359,2033.357142857143,21.950007028750623,9.0,13.0,16.0,13.714285714285714,2.690370836484504,12.857142857142858,3.4161864221539306,-7.428571428571429
2025-08-14,3.0,27.0,4.0,1994.0,11.0,True,-7.0,3,8,0,0,1997.0,2031.0,2058.0,2009.857142857143,13.210345456339791,2028.642857142857,22.180095913142342,17.0,17.0,15.0,14.285714285714286,2.927700218796365,12.928571428571429,3.4964660338481495,-6.714285714285714
2025-08-15,3.0,22.666666666666668,3.0,1993.0,8.0,False,-5.0,4,8,0,0,1994.0,2022.6666666666667,2055.0,2004.5714285714287,10.45575204779931,2024.0714285714287,22.25922591270454,11.0,15.0,12.0,13.428571428571429,2.87849166846546,12.642857142857142,3.4775575615633114,-6.142857142857143
2025-08-16,4.0,18.333333333333336,3.0,1992.0,6.0,False,-3.0,5,8,0,0,1993.0,2014.3333333333333,2052.0,2000.3333333333335,7.4907349888496855,2019.642857142857,21.795265031501522,8.0,14.0,8.0,12.428571428571429,3.4086724129428028,12.357142857142858,3.6921359850969995,-5.714285714285714
2025-08-17,4.0,14.0,2.0,1991.0,3.0,True,-1.0,6,8,0,0,1992.0,2006.0,2049.0,1997.142857142857,4.810702308888157,2015.357142857143,20.820545532119564,6.0,12.0,5.0,11.285714285714286,4.070801956757049,12.214285714285714,3.9061799445010292,-5.142857142857143
2025-08-18,4.0,20.0,6.0,1985.0,14.0,True,-8.0,0,8,0,0,1991.0,1999.0,2040.0,1995.0,3.3166247242886975,2011.2142857142858,19.328296053793874,3.0,16.0,14.0,10.0,5.099019513564058,12.071428571428571,4.214704765973154,-4.714285714285714
2025-08-19,5.0,35.0,3.0,1980.0,11.0,True,-8.0,1,8,0,0,1985.0,1999.0,2042.0,1993.0,4.509249704217171,2007.2857142857142,18.603306919556676,14.0,9.0,14.0,9.714285714285714,4.750939756630819,12.071428571428571,4.214704765973154,-4.142857142857143
2025-08-20,10.0,38.0,10.0,1983.0,10.0,True,0.0,2,8,0,0,1980.0,1997.0,2036.0,1990.2857142857142,5.8227795309677415,2002.857142857143,17.01568622753461,11.0,17.0,13.0,10.0,4.760952285664467,11.857142857142858,4.185269826076262,-5.285714285714286
2025-08-21,6.0,49.0,8.0,1972.0,21.0,True,-13.0,3,8,0,0,1983.0,1994.0,2031.0,1988.2857142857142,5.529143526153934,1999.0714285714287,14.830194762548714,10.0,11.0,17.0,9.0,3.6514837166608434,11.642857142857142,4.1990318089351755,-4.571428571428571
2025-08-22,5.0,39.666666666666664,7.0,1975.0,16.0,False,-9.0,4,8,0,0,1972.0,1993.0,2022.6666666666667,1985.142857142857,7.603257418417863,1994.857142857143,13.37027849466604,21.0,8.0,15.0,10.428571428571429,5.855400437666223,11.928571428571429,4.698023900749055,-5.428571428571429
2025-08-23,5.0,30.333333333333332,6.0,1978.0,10.0,False,-4.0,5,8,0,0,1975.0,1992.0,2014.3333333333333,1982.5714285714287,7.546680098787606,1991.452380952381,11.709888551227914,16.0,6.0,14.0,11.571428571428571,6.07884700844574,12.0,4.755563543468353,-6.0
2025-08-24,4.0,21.0,5.0,1981.0,5.0,True,0.0,6,8,0,0,1978.0,1991.0,2006.0,1980.5714285714287,6.3994046999172145,1988.857142857143,10.174305075888673,10.0,3.0,12.0,12.142857142857142,5.6399932454953525,11.714285714285714,4.746311465554456,-6.142857142857143
2025-08-25,8.0,30.0,8.0,1980.0,11.0,True,-3.0,0,8,0,0,1981.0,1985.0,1999.0,1979.142857142857,4.525062434602483,1987.0714285714287,9.067815337009325,5.0,14.0,16.0,12.428571428571429,5.126959555664935,11.214285714285714,5.071467265039007,-6.0
2025-08-26,10.0,21.0,20.0,1989.0,15.0,True,5.0,1,8,0,0,1980.0,1980.0,1999.0,1978.4285714285713,3.7796446719941494,1985.7142857142858,8.552359756448901,11.0,11.0,9.0,12.0,5.099019513564273,10.857142857142858,4.8810015186187385,-5.285714285714286
2025-08-27,5.0,19.0,9.0,1988.0,19.0,True,-10.0,2,8,0,0,1989.0,1983.0,1997.0,1979.7142857142858,5.52914352610971,1985.0,7.736029608723451,15.0,10.0,17.0,12.571428571428571,5.191568255555426,11.285714285714286,4.968029657912739,-3.4285714285714284
2025-08-28,8.0,33.0,6.0,1984.0,17.0,True,-11.0,3,8,0,0,1988.0,1972.0,1994.0,1980.4285714285713,6.294366304877746,1984.357142857143,7.001177313666327,19.0,21.0,11.0,13.857142857142858,5.550632739538355,11.428571428571429,5.169649381327168,-4.857142857142857
2025-08-29,8.0,32.0,9.0,1990.5,14.0,False,-5.0,4,8,0,0,1984.0,1975.0,1993.0,1982.142857142857,5.1455019227690535,1983.642857142857,6.428388296074779,17.0,16.0,8.0,13.285714285714286,4.855041562246322,11.857142857142858,5.375974228145055,-4.571428571428571
2025-08-30,9.0,31.0,12.0,1997.0,11.0,False,1.0,5,8,0,0,1990.5,1978.0,1992.0,1984.357142857143,4.888031986803181,1983.4642857142858,6.178325303643729,14.0,10.0,6.0,13.0,4.72581562622196,12.285714285714286,5.283189180094548,-4.0
2025-08-31,10.0,30.0,14.0,2003.5,8.0,False,6.0,6,8,0,1,1997.0,1981.0,1991.0,1987.0714285714287,5.933159404034859,1983.8214285714287,6.820802878641275,11.0,5.0,3.0,13.142857142857142,4.634241089531376,12.642857142857142,4.9862448158124915,-3.2857142857142856
2025-09-01,10.0,29.0,17.0,2010.0,5.0,True,12.0,0,9,1,0,2003.5,1980.0,1985.0,1990.2857142857142,7.873251856735028,1984.7142857142858,8.455117459261663,8.0,11.0,14.0,13.571428571428571,3.8234863173233102,13.0,4.38529009660116,-2.4285714285714284
2025-09-02,6.0,35.0,9.0,2020.0,9.0,True,0.0,1,9,0,0,2010.0,1989.0,1980.0,1994.5714285714287,9.364954912550674,1986.5,10.827315895068882,5.0,15.0,11.0,12.714285714285714,4.990467102834355,12.357142857142858,4.861261989694467,-0.2857142857142857
2025-09-03,4.0,29.0,11.0,2019.0,10.0,True,1.0,2,9,0,0,2020.0,1988.0,1983.0,1999.0,12.938959240550998,1989.357142857143,13.838948073362795,9.0,19.0,10.0,11.857142857142858,5.047394424443126,12.214285714285714,4.933068501018929,-1.0
2025-09-04,11.0,40.0,2.0,2015.0,14.0,True,-12.0,3,9,0,0,2019.0,1984.0,1972.0,2003.4285714285713,13.821566982362523,1991.9285714285713,15.77590317984315,10.0,17.0,21.0,10.571428571428571,3.952094080200431,12.214285714285714,4.933068501018929,0.5714285714285714
2025-09-05,9.0,33.0,4.0,2018.6666666666667,12.0,False,-8.0,4,9,0,0,2015.0,1990.5,1975.0,2007.857142857143,11.294225222297825,1995.0,15.783389524305264,14.0,14.0,16.0,10.142857142857142,3.2366943748055172,11.714285714285714,4.286446823909931,0.42857142857142855
2025-09-06,6.0,26.0,7.0,2022.3333333333333,9.0,False,-2.0,5,9,0,0,2018.6666666666667,1997.0,1978.0,2011.8809523809523,8.82794082701203,1998.1190476190477,15.841553686911094,12.0,11.0,10.0,9.857142857142858,2.911389784260666,11.428571428571429,4.108420728175551,0.0
2025-09-07,4.0,19.0,9.0,2026.0,7.0,True,2.0,6,9,0,0,2022.3333333333333,2003.5,1981.0,2015.5,6.629758914665659,2001.2857142857142,15.941188471436197,9.0,8.0,5.0,9.571428571428571,2.8784916684647297,11.357142857142858,4.143709650893923,-0.42857142857142855
2025-09-08,7.0,25.0,5.0,2025.0,6.0,True,-1.0,0,9,0,0,2026.0,2010.0,1980.0,2018.7142857142858,5.125927412497601,2004.5,16.072485389168765,7.0,5.0,11.0,9.428571428571429,2.9920529661233233,11.5,3.9370039370797594,-1.0
2025-09-09,18.0,42.0,11.0,2023.0,14.0,True,-3.0,1,9,0,0,2025.0,2020.0,1989.0,2020.857142857143,3.853123461523223,2007.7142857142858,15.275871795495394,6.0,9.0,15.0,9.571428571428571,2.7602622373162657,11.142857142857142,4.203609124420562,-2.857142857142857
2025-09-10,10.0,47.0,14.0,2025.0,18.0,True,-4.0,2,9,0,0,2023.0,2019.0,1988.0,2021.2857142857142,3.908341315486109,2010.142857142857,14.765960104024789,14.0,10.0,19.0,10.285714285714286,3.199702367065192,11.071428571428571,4.1410568275422035,-3.2857142857142856
2025-09-11,12.0,38.0,29.0,2047.0,6.0,True,23.0,3,9,0,0,2025.0,2015.0,1984.0,2022.142857142857,3.9807738455997774,2012.7857142857142,13.775896923079992,18.0,14.0,17.0,11.428571428571429,4.314979445925115,11.0,4.000000000072796,-4.0
2025-09-12,10.0,38.333333333333336,24.0,2059.0,6.0,False,18.0,4,9,0,0,2047.0,2018.6666666666667,1990.5,2026.7142857142858,9.270479950105017,2017.2857142857142,13.938268760329589,6.0,12.0,14.0,10.285714285714286,4.572172558474719,10.214285714285714,3.8064433516860183,1.0
2025-09-13,9.0,38.666666666666664,18.0,2071.0,5.0,False,13.0,5,9,0,0,2059.0,2022.3333333333333,1997.0,2032.4761904761906,14.496304932867233,2022.1785714285713,15.721190493741776,6.0,9.0,11.0,9.428571428571429,4.755948656025846,9.642857142857142,3.7948779824499717,4.714285714285714
2025-09-14,7.0,39.0,13.0,2083.0,5.0,True,8.0,6,9,0,0,2071.0,2026.0,2003.5,2039.4285714285713,19.594702868800347,2027.4642857142858,18.75234214797855,5.0,7.0,8.0,8.857142857142858,5.047394424442802,9.214285714285714,3.964817804182887,6.857142857142857
2025-09-15,9.0,47.0,10.0,2086.0,10.0,True,0.0,0,9,0,0,2083.0,2025.0,2010.0,2047.5714285714287,24.350613555247755,2033.142857142857,22.583071453069707,5.0,6.0,5.0,8.571428571428571,5.223572942481017,9.0,4.113766756108405,7.714285714285714
2025-09-16,7.0,28.0,17.0,2095.0,12.0,True,5.0,1,9,0,0,2086.0,2023.0,2020.0,2056.285714285714,25.79867105369066,2038.5714285714287,25.5337646701833,10.0,14.0,9.0,9.142857142857142,5.113008619449341,9.357142857142858,3.9537157374365295,7.857142857142857
2025-09-17,7.0,38.0,5.0,2096.0,13.0,True,-8.0,2,9,0,0,2095.0,2025.0,2019.0,2066.5714285714284,24.64316769109403,2043.9285714285713,28.97366283768986,12.0,18.0,10.0,8.857142857142858,4.84522347017104,9.571428571428571,4.013712758839986,9.0
2025-09-18,20.0,52.0,11.0,2096.0,14.0,True,-3.0,3,9,0,0,2096.0,2047.0,2015.0,2076.714285714286,18.535679867154823,2049.4285714285716,31.107321419952953,13.0,6.0,14.0,8.142857142857142,3.4364987718939823,9.785714285714286,4.117104498447164,8.428571428571429
2025-09-19,16.0,46.333333333333336,12.0,2108.6666666666665,11.0,False,1.0,4,9,0,0,2096.0,2059.0,2018.6666666666667,2083.714285714286,14.185841349905896,2055.214285714286,31.73760129615929,14.0,6.0,12.0,9.285714285714286,3.90360029175651,9.785714285714286,4.117104498447164,4.714285714285714
2025-09-20,12.0,40.666666666666664,12.0,2121.3333333333335,8.0,False,4.0,5,9,0,0,2108.6666666666665,2071.0,2022.3333333333333,2090.809523809524,12.01982487572865,2061.6428571428573,32.860353141152395,11.0,5.0,9.0,10.0,3.651483716660993,9.714285714285714,4.084277008468357,2.2857142857142856
2025-09-21,8.0,35.0,13.0,2134.0,5.0,True,8.0,6,9,0,0,2121.3333333333335,2083.0,2026.0,2098.0,13.192309752444007,2068.714285714286,34.368007673098695,8.0,5.0,7.0,10.428571428571429,3.1014589500354712,9.642857142857142,4.106414173366105,1.0
2025-09-22,17.0,40.0,14.0,2141.0,10.0,True,4.0,0,9,0,0,2134.0,2086.0,2025.0,2105.285714285714,17.047242157494605,2076.4285714285716,36.119088067758646,5.0,10.0,6.0,10.428571428571429,3.1014589500354712,9.5,4.238105527487885,1.0
2025-09-23,11.0,36.0,10.0,2145.0,15.0,True,-5.0,1,9,0,0,2141.0,2095.0,2023.0,2113.1428571428573,19.21405458897539,2084.714285714286,36.71415506568156,10.0,12.0,14.0,10.428571428571429,3.1014589500354712,9.785714285714286,4.117104498447165,1.5714285714285714
2025-09-24,3.0,38.0,12.0,2138.0,17.0,True,-5.0,2,9,0,0,2145.0,2096.0,2025.0,2120.285714285714,20.589846976372325,2093.4285714285716,35.394100765520704,15.0,13.0,18.0,10.857142857142858,3.532165125797271,9.857142857142858,4.2036091244208205,0.14285714285714285
2025-09-25,6.0,35.0,12.0,2132.0,18.0,True,-6.0,3,9,0,0,2138.0,2096.0,2047.0,2126.285714285714,18.32871513529413,2101.5,31.228342927004924,17.0,14.0,6.0,11.428571428571429,4.1975049277822425,9.785714285714286,4.060666323350814,0.5714285714285714
2025-09-26,8.0,33.0,12.0,2136.6666666666665,15.0,False,-3.0,4,9,0,0,2132.0,2108.6666666666665,2059.0,2131.4285714285716,12.556117402498666,2107.5714285714284,27.903199150734547,18.0,11.0,6.0,12.0,4.83045891536638,10.642857142857142,4.448113564905607,0.14285714285714285
2025-09-27,9.0,31.0,12.0,2141.3333333333335,12.0,False,0.0,5,9,0,0,2136.6666666666665,2121.3333333333335,2071.0,2135.4285714285716,7.56383763582371,2113.1190476190477,25.08161282382293,15.0,8.0,5.0,12.571428571428571,4.92805380301637,11.285714285714286,4.375255094670371,-0.42857142857142855
2025-09-28,11.0,29.0,12.0,2146.0,9.0,True,3.0,6,9,0,0,2141.3333333333335,2134.0,2083.0,2138.285714285714,4.515112729031794,2118.1428571428573,22.949485330516158,12.0,5.0,5.0,13.142857142857142,4.525062483093567,11.785714285714286,3.9841719810027567,-1.0
2025-09-29,8.0,35.0,12.0,2148.0,13.0,True,-1.0,0,9,0,0,2146.0,2141.0,2086.0,2140.0,4.8800424572467875,2122.6428571428573,21.669413751185072,9.0,10.0,10.0,13.714285714285714,3.4503277966698995,12.071428571428571,3.583386574351129,-1.7142857142857142
2025-09-30,8.0,32.0,12.0,2159.0,7.0,True,5.0,1,9,0,1,2148.0,2145.0,2095.0,2141.0,5.757442810651251,2127.0714285714284,19.865005345452396,13.0,15.0,12.0,14.142857142857142,3.0783421635519987,12.285714285714286,3.5394169757253446,-2.4285714285714284
2025-10-01,4.0,33.0,12.0,2163.0,14.0,True,-2.0,2,10,1,0,2159.0,2138.0,2096.0,2143.0,8.933913721583435,2131.6428571428573,19.27199123510375,7.0,17.0,13.0,13.0,4.041451884291538,11.928571428571429,3.812212878834005,-1.0
2025-10-02,20.0,51.0,15.0,2164.0,16.0,True,-1.0,3,10,0,0,2163.0,2132.0,2096.0,2146.5714285714284,11.288660771054372,2136.4285714285716,18.018237952502936,14.0,18.0,14.0,12.571428571428571,3.6903993847221255,12.0,3.8430756913976425,-0.5714285714285714
2025-10-03,16.0,43.333333333333336,14.0,2169.3333333333335,16.0,False,-2.0,4,10,0,0,2164.0,2136.6666666666665,2108.6666666666665,2151.1428571428573,10.876166827579407,2141.285714285714,15.231466057261963,16.0,15.0,11.0,12.285714285714286,3.251373336167055,12.142857142857142,3.9585767228778237,0.14285714285714285
2025-10-04,12.0,35.666666666666664,14.0,2174.6666666666665,16.0,False,-2.0,5,10,0,0,2169.3333333333335,2141.3333333333335,2121.3333333333335,2155.809523809524,10.635121986908054,2145.6190476190473,13.80007256132487,16.0,12.0,8.0,12.428571428571429,3.4086724129427997,12.5,4.071476768631123,0.2857142857142857
2025-10-05,8.0,28.0,13.0,2180.0,16.0,True,-3.0,6,10,0,0,2174.6666666666665,2146.0,2134.0,2160.5714285714284,10.535151520518424,2149.4285714285716,13.940918427597072,16.0,9.0,5.0,13.0,3.6514837166614362,13.071428571428571,3.950935346278018,0.0
2025-10-06,5.0,33.0,15.0,2187.0,10.0,True,5.0,0,10,0,0,2180.0,2148.0,2141.0,2165.4285714285716,10.535151520531405,2152.714285714286,15.372223344749337,16.0,13.0,10.0,14.0,3.316624790311886,13.857142857142858,3.2547513874310217,-0.8571428571428571
2025-10-07,11.0,45.0,4.0,2189.0,10.0,True,-6.0,1,10,0,0,2187.0,2159.0,2145.0,2171.0,10.08482539636425,2156.0,17.451275277254435,10.0,7.0,15.0,13.571428571428571,3.6449573777240776,13.857142857142858,3.2547513874310217,0.0
2025-10-08,8.0,49.0,15.0,2192.0,17.0,True,-2.0,2,10,0,0,2189.0,2163.0,2138.0,2175.285714285714,10.501196686417384,2159.1428571428573,19.192998322997585,10.0,14.0,17.0,14.0,2.8284271246951653,13.5,3.3911649916478805,-1.5714285714285714
2025-10-09,11.0,55.0,13.0,2192.0,12.0,True,1.0,3,10,0,0,2192.0,2164.0,2132.0,2179.4285714285716,10.566744258663986,2163.0,20.02519780835702,17.0,16.0,18.0,14.428571428571429,3.0472470010529356,13.5,3.3911649916478805,-1.5714285714285714
2025-10-10,10.0,47.25,12.0,2199.75,10.0,False,2.0,4,10,0,0,2192.0,2169.3333333333335,2136.6666666666665,2183.4285714285716,8.925025727034795,2167.285714285714,19.287238222531993,12.0,16.0,15.0,13.857142857142858,3.0783421635519472,13.071428571428571,3.149219334717941,-1.2857142857142858
2025-10-11,10.0,39.5,10.0,2207.5,9.0,False,1.0,5,10,0,0,2199.75,2174.6666666666665,2141.3333333333335,2187.7738095238096,8.30142698869197,2171.7916666666665,18.949571805782753,10.0,16.0,12.0,13.0,3.214550253619255,12.714285714285714,3.1968390982906403,-0.7142857142857143
2025-10-12,9.0,31.75,8.0,2215.25,8.0,False,0.0,6,10,0,0,2207.5,2180.0,2146.0,2192.464285714286,8.914441175834696,2176.5178571428573,19.019787795567638,9.0,16.0,9.0,12.0,3.2145502536190875,12.5,3.3454906505455293,-0.2857142857142857
2025-10-13,8.0,24.0,7.0,2223.0,6.0,True,1.0,0,10,0,0,2215.25,2187.0,2148.0,2197.5,10.512888894412916,2181.464285714286,19.472029976729143,8.0,10.0,13.0,10.857142857142858,2.968084198474124,12.428571428571429,3.4354326951313983,0.14285714285714285
2025-10-14,7.0,30.0,16.0,2235.0,8.0,True,8.0,1,10,0,0,2223.0,2189.0,2159.0,2202.6428571428573,13.025501527750023,2186.8214285714284,19.87006019300908,6.0,10.0,7.0,10.285714285714286,3.4982989062975443,11.928571428571429,3.83233782271266,-0.42857142857142855
2025-10-15,8.0,29.0,10.0,2225.0,15.0,True,-5.0,2,10,0,0,2235.0,2192.0,2163.0,2209.214285714286,16.209840472534886,2192.25,21.956639482132733,8.0,17.0,14.0,10.0,3.6055512754233643,12.0,3.741657386851541,1.5714285714285714
2025-10-16,9.0,33.0,15.0,2233.0,9.0,True,6.0,3,10,0,0,2225.0,2192.0,2164.0,2213.9285714285716,15.131860885548235,2196.6785714285716,21.855558696121907,15.0,12.0,16.0,9.714285714285714,2.984084768311491,12.071428571428571,3.791981128605661,1.1428571428571428
2025-10-17,9.0,33.333333333333336,16.0,2234.3333333333335,8.0,False,8.0,4,10,0,0,2233.0,2199.75,2169.3333333333335,2219.785714285714,13.016358738614263,2201.6071428571427,21.698877162085793,9.0,10.0,16.0,9.285714285714286,2.8115408416859577,11.571428571428571,3.6943675573679835,1.8571428571428572
2025-10-18,9.0,33.666666666666664,16.0,2235.6666666666665,8.0,False,8.0,5,10,0,0,2234.3333333333335,2207.5,2174.6666666666665,2224.7261904761904,10.455451584147715,2206.25,21.210584365895077,8.0,9.0,16.0,9.0,2.8284271246942123,11.0,3.5734060460313164,2.7142857142857144
2025-10-19,9.0,34.0,17.0,2237.0,7.0,True,10.0,6,10,0,0,2235.6666666666665,2215.25,2180.0,2228.75,7.805061246153098,2210.6071428571427,20.476258631177856,8.0,8.0,16.0,8.857142857142858,2.8535691935824787,10.428571428571429,3.344669368920724,3.7142857142857144
2025-10-20,10.0,39.0,6.0,2243.0,7.0,True,-1.0,0,10,0,0,2237.0,2223.0,2187.0,2231.8571428571427,5.533926110749611,2214.6785714285716,19.569044360956454,7.0,6.0,10.0,8.714285714285714,2.9277002187953314,9.785714285714286,3.0427359002756402,5.142857142857143
2025-10-21,13.0,39.0,17.0,2251.0,9.0,True,8.0,1,10,0,0,2243.0,2235.0,2189.0,2234.714285714286,5.35906487128491,2218.6785714285716,19.19598808968718,7.0,8.0,10.0,8.857142857142858,2.7945525239704523,9.571428571428571,3.1308461799939353,4.857142857142857
2025-10-22,12.0,42.0,13.0,2261.0,12.0,True,1.0,2,10,0,0,2251.0,2225.0,2192.0,2237.0,8.174032933014866,2223.1071428571427,18.97286154544915,9.0,15.0,17.0,9.0,2.7688746209195956,9.5,3.1317235363737397,4.857142857142857
2025-10-23,4.0,27.0,26.0,2266.0,18.0,True,8.0,3,10,0,0,2261.0,2233.0,2192.0,2242.1428571428573,10.390268116519794,2228.035714285714,19.23087668515827,12.0,9.0,12.0,8.571428571428571,1.7182493858827532,9.142857142857142,2.4133329287028276,5.714285714285714
2025-10-24,4.0,29.666666666666668,21.0,2269.3333333333335,15.0,False,6.0,4,10,0,0,2266.0,2234.3333333333335,2199.75,2246.8571428571427,12.765487516481297,2233.3214285714284,18.727432498068158,18.0,8.0,10.0,9.857142857142858,3.9761191895151615,9.571428571428571,3.3215910394797024,6.0
2025-10-25,4.0,32.333333333333336,17.0,2272.6666666666665,13.0,False,4.0,5,10,0,0,2269.3333333333335,2235.6666666666665,2207.5,2251.8571428571427,13.850868580078957,2238.2916666666665,18.362353204588835,15.0,8.0,9.0,10.857142857142858,4.29839394145051,9.928571428571429,3.6260655880631636,5.714285714285714
2025-10-26,4.0,35.0,12.0,2276.0,10.0,True,2.0,6,10,0,0,2272.6666666666665,2237.0,2215.25,2257.1428571428573,13.70165863360388,2242.9464285714284,18.21551910018052,13.0,7.0,8.0,11.571428571428571,4.157609203066474,10.214285714285714,3.7040221679093586,5.142857142857143
2025-10-27,2.0,31.0,8.0,2282.0,11.0,True,-3.0,0,10,0,0,2276.0,2243.0,2223.0,2262.714285714286,11.96511682937977,2247.285714285714,18.345616937409655,10.0,7.0,6.0,12.0,3.741657386735083,10.357142857142858,3.6502295578167834,4.0
2025-10-28,6.0,22.0,11.0,2286.0,6.0,True,5.0,1,10,0,0,2282.0,2251.0,2235.0,2268.285714285714,10.206077637419366,2251.5,19.098820841018682,11.0,9.0,8.0,12.571428571428571,3.1014589500358456,10.714285714285714,3.4290292735444297,3.7142857142857144
2025-10-29,6.0,25.0,4.0,2280.0,17.0,True,-13.0,2,10,0,0,2286.0,2261.0,2225.0,2273.285714285714,8.80325815108574,2255.1428571428573,20.52045646035646,6.0,12.0,15.0,12.142857142857142,3.8047589248071736,10.571428571428571,3.5887492082484673,3.2857142857142856
2025-10-30,3.0,17.0,14.0,2287.0,12.0,True,2.0,3,10,0,0,2280.0,2266.0,2233.0,2276.0,7.159557167641129,2259.0714285714284,19.547522013230715,17.0,18.0,9.0,12.857142857142858,4.220133150652234,10.714285714285714,3.8114921655508374,1.2857142857142858
2025-10-31,4.0,18.333333333333332,13.0,2283.6666666666665,10.0,False,3.0,4,10,0,1,2287.0,2269.3333333333335,2234.3333333333335,2279.0,6.652763248222258,2262.9285714285716,19.333854363523038,12.0,15.0,8.0,12.0,3.559026083969585,10.928571428571429,3.7919811286059164,0.42857142857142855
2025-11-01,4.0,19.666666666666668,11.0,2280.3333333333335,9.0,False,2.0,5,11,1,0,2283.6666666666665,2272.6666666666665,2235.6666666666665,2281.047619047619,5.236724166980566,2266.452380952381,18.182647479411393,10.0,13.0,8.0,11.285714285714286,3.352326839346617,11.071428571428571,3.7099509786948057,0.0
2025-11-02,5.0,21.0,10.0,2277.0,7.0,True,3.0,6,11,0,0,2280.3333333333335,2276.0,2237.0,2282.1428571428573,3.795011986797687,2269.6428571428573,16.172924667952323,9.0,10.0,7.0,10.714285714285714,3.3523268393465253,11.142857142857142,3.65549413393313,-0.2857142857142857
2025-11-03,3.0,28.0,5.0,2269.0,12.0,True,-7.0,0,11,0,0,2277.0,2282.0,2243.0,2282.285714285714,3.5351596958531695,2272.5,13.227625853559584,7.0,11.0,7.0,10.285714285714286,3.6384193323203693,11.142857142857142,3.65549413393313,-0.14285714285714285
2025-11-04,6.0,33.0,6.0,2270.0,8.0,True,-2.0,1,11,0,0,2269.0,2286.0,2251.0,2280.4285714285716,6.154535437872726,2274.3571428571427,10.259424935512246,12.0,6.0,9.0,10.428571428571429,3.6903993847218133,11.5,3.4585457149096666,-0.7142857142857143
2025-11-05,8.0,41.0,8.0,2272.0,7.0,True,1.0,2,11,0,0,2270.0,2280.0,2261.0,2278.1428571428573,6.6884564223027985,2275.714285714286,7.922549401446153,8.0,17.0,12.0,10.714285714285714,3.3523268393465258,11.428571428571429,3.523859023593891,-1.7142857142857142
2025-11-06,6.0,33.0,9.0,2264.0,19.0,True,-10.0,3,11,0,0,2272.0,2287.0,2266.0,2277.0,6.994706963372697,2276.5,6.819717535212689,7.0,12.0,18.0,9.285714285714286,2.1380899352307092,11.071428571428571,3.7099509786948053,0.2857142857142857
2025-11-07,8.0,33.0,8.0,2274.0,14.0,False,-6.0,4,11,0,0,2264.0,2283.6666666666665,2269.3333333333335,2273.714285714286,6.915973352177462,2276.3571428571427,7.072837533591122,19.0,10.0,15.0,10.285714285714286,4.231401884065051,11.142857142857142,3.8601941533660016,-1.4285714285714286
2025-11-08,9.0,33.0,6.0,2284.0,9.0,False,-3.0,5,11,0,0,2274.0,2280.3333333333335,2272.6666666666665,2272.3333333333335,5.3954713129043395,2276.690476190476,6.821865675120362,14.0,9.0,13.0,10.857142857142858,4.450789122080689,11.071428571428571,3.791981128605885,-2.7142857142857144
2025-11-09,11.0,33.0,5.0,2294.0,4.0,True,1.0,6,11,0,0,2284.0,2277.0,2276.0,2272.8571428571427,6.388233197592008,2277.5,6.978293591422601,9.0,7.0,10.0,10.857142857142858,4.450789122080689,10.785714285714286,3.786180771667882,-3.4285714285714284
2025-11-10,11.0,36.0,8.0,2294.0,9.0,False,-1.0,0,11,0,0,2294.0,2269.0,2282.0,2275.285714285714,10.274795771637555,2278.785714285714,8.227125405453632,4.0,12.0,11.0,10.428571428571429,4.995235825472954,10.357142857142858,4.199031808935438,-3.7142857142857144
2025-11-11,11.0,39.0,12.0,2294.0,14.0,True,-2.0,1,11,0,0,2294.0,2270.0,2286.0,2278.8571428571427,11.936339055750146,2279.6428571428573,9.159987590429017,9.0,8.0,6.0,10.0,4.966554808554287,10.214285714285714,4.209486930774812,-2.857142857142857
2025-11-12,14.0,48.0,20.0,2302.0,7.0,True,13.0,2,11,0,0,2294.0,2272.0,2280.0,2282.285714285714,12.405835783315583,2280.214285714286,9.813306122423775,14.0,7.0,17.0,10.857142857142858,5.080307452234735,10.785714285714286,4.135746075979323,-2.857142857142857
2025-11-13,6.0,26.0,16.0,2317.0,5.0,True,11.0,3,11,0,0,2302.0,2264.0,2287.0,2286.5714285714284,13.402203072522262,2281.785714285714,11.408204543156847,7.0,19.0,12.0,10.857142857142858,5.080307452234735,10.071428571428571,3.8323378227130704,-1.1428571428571428
2025-11-14,6.0,24.666666666666668,12.0,2324.6666666666665,5.0,False,7.0,4,11,0,0,2317.0,2274.0,2283.6666666666665,2294.1428571428573,13.49603114702143,2283.9285714285716,14.781704206554979,5.0,14.0,10.0,8.857142857142858,3.9761191895150256,9.571428571428571,4.01371275883999,1.8571428571428572
2025-11-15,5.0,23.333333333333332,7.0,2332.3333333333335,5.0,False,2.0,5,11,0,0,2324.6666666666665,2284.0,2280.3333333333335,2301.3809523809523,14.445848513032225,2286.8571428571427,18.355331464438482,5.0,9.0,9.0,7.571428571428571,3.457221565373758,9.214285714285714,4.191173352000544,3.7142857142857144
2025-11-16,5.0,22.0,3.0,2340.0,5.0,True,-2.0,6,11,0,0,2332.3333333333335,2294.0,2277.0,2308.285714285714,16.198340747298353,2290.5714285714284,21.860251007746182,5.0,4.0,7.0,7.0,3.5118845842420767,8.928571428571429,4.340582834279889,4.428571428571429
2025-11-17,1.0,35.0,6.0,2343.0,8.0,True,-2.0,0,11,0,0,2340.0,2294.0,2269.0,2314.8571428571427,18.59097464373685,2295.0714285714284,25.096456175784304,5.0,9.0,12.0,7.142857142857143,3.387652649829147,8.785714285714286,4.440695916223758,4.0
2025-11-18,2.0,38.0,8.0,2345.0,12.0,True,-4.0,1,11,0,0,2343.0,2294.0,2270.0,2321.8571428571427,18.653623549804244,2300.3571428571427,26.910254233517797,8.0,14.0,8.0,7.0,3.3166247903107475,8.5,4.345643264834564,3.857142857142857
2025-11-19,7.0,32.0,3.0,2340.0,10.0,True,-7.0,2,11,0,0,2345.0,2302.0,2272.0,2329.1428571428573,15.68303770123127,2305.714285714286,27.85090253337191,12.0,7.0,7.0,6.714285714285714,2.6276913640048,8.785714285714286,4.440695916223758,3.5714285714285716
2025-11-20,18.0,57.0,8.0,2340.0,9.0,True,-1.0,3,11,0,0,2340.0,2317.0,2264.0,2334.5714285714284,10.413158119166035,2310.5714285714284,27.445494885420597,10.0,5.0,19.0,7.142857142857143,2.9113897842601633,9.0,4.420233199622766,0.7142857142857143
2025-11-21,13.0,53.333333333333336,13.0,2351.6666666666665,6.0,False,7.0,4,11,0,0,2340.0,2324.6666666666665,2274.0,2337.8571428571427,7.020755292138668,2316.0,24.925873014789985,9.0,5.0,14.0,7.714285714285714,2.8115408416856558,8.285714285714286,3.3610568720701948,-1.0
2025-11-22,8.0,49.666666666666664,17.0,2363.3333333333335,4.0,False,13.0,5,11,0,0,2351.6666666666665,2332.3333333333335,2284.0,2341.714285714286,5.8923319917410035,2321.5476190476193,23.458859116934597,6.0,5.0,9.0,7.857142857142857,2.672612419069005,7.714285714285714,2.9724005173853647,-1.0
2025-11-23,3.0,46.0,22.0,2375.0,1.0,True,21.0,6,11,0,0,2363.3333333333335,2340.0,2294.0,2346.1428571428573,8.664224295940848,2327.214285714286,23.272303761124675,4.0,5.0,4.0,7.714285714285714,2.870208222028468,7.357142857142857,3.1035251138756204,0.5714285714285714
2025-11-24,9.0,40.0,9.0,2371.0,13.0,True,-4.0,0,11,0,0,2375.0,2343.0,2294.0,2351.1428571428573,13.356725496318731,2333.0,24.420112214968107,1.0,8.0,9.0,7.142857142857143,3.760699023128693,7.142857142857143,3.4386299342564817,3.857142857142857
2025-11-25,6.0,47.0,14.0,2375.0,11.0,True,3.0,1,11,0,0,2371.0,2345.0,2294.0,2355.1428571428573,14.642476429356302,2338.5,23.618676520742294,13.0,12.0,14.0,7.857142857142857,4.37525509457013,7.428571428571429,3.7563133669168947,3.5714285714285716
2025-11-26,5.0,35.5,11.0,2382.0,9.0,False,2.0,2,11,0,0,2375.0,2340.0,2302.0,2359.4285714285716,15.541717187214921,2344.285714285714,21.72432452794972,11.0,10.0,7.0,7.714285714285714,4.231401884064723,7.214285714285714,3.423416454416408,4.571428571428571
2025-11-27,4.0,24.0,8.0,2389.0,7.0,True,1.0,3,11,0,0,2382.0,2340.0,2317.0,2365.4285714285716,14.884386891227102,2350.0,20.215082807121885,9.0,9.0,5.0,7.571428571428571,4.157609203065953,7.357142857142857,3.455366903839445,5.857142857142857
2025-11-28,4.0,22.0,9.0,2397.6666666666665,5.0,False,4.0,4,11,0,0,2389.0,2351.6666666666665,2324.6666666666665,2372.4285714285716,12.21522164329496,2355.1428571428573,20.332162345552064,7.0,6.0,5.0,7.285714285714286,4.111540089123055,7.5,3.391164991649376,6.142857142857143
2025-11-29,4.0,20.0,9.0,2406.3333333333335,2.0,False,7.0,5,11,0,0,2397.6666666666665,2363.3333333333335,2332.3333333333335,2379.0,11.53898382578484,2360.3571428571427,21.254849341209443,5.0,4.0,5.0,7.142857142857143,4.1804533816195635,7.5,3.391164991649376,5.714285714285714
2025-11-30,4.0,18.0,10.0,2415.0,0.0,True,10.0,6,11,0,1,2406.3333333333335,2375.0,2340.0,2385.1428571428573,13.142885882461227,2365.6428571428573,22.888232448573003,2.0,1.0,5.0,6.857142857142857,4.488079449225559,7.285714285714286,3.6464644928055954,4.857142857142857
2025-12-01,4.0,26.0,4.0,2410.0,9.0,True,-5.0,0,12,1,0,2415.0,2371.0,2343.0,2390.8571428571427,16.311614961525844,2371.0,25.095373637910463,0.0,13.0,8.0,6.714285714285714,4.715728494919819,6.928571428571429,4.103737240765862,3.2857142857142856
2025-12-02,7.0,34.0,6.0,2407.0,8.0,True,-2.0,1,12,0,0,2410.0,2375.0,2345.0,2396.4285714285716,15.007053001714308,2375.785714285714,25.725575806066043,9.0,11.0,12.0,6.142857142857143,4.017817460084521,7.0,4.132423390398451,3.142857142857143
2025-12-03,4.0,32.0,8.0,2419.0,7.0,True,1.0,2,12,0,0,2407.0,2382.0,2340.0,2401.0,11.95516313191997,2380.214285714286,25.35208724102586,8.0,9.0,10.0,5.714285714285714,3.545621041669709,6.714285714285714,3.891382420611828,2.4285714285714284
2025-12-04,16.0,39.0,7.0,2418.0,13.0,True,-6.0,3,12,0,0,2419.0,2389.0,2340.0,2406.285714285714,10.206077637820908,2385.8571428571427,24.489912208986848,7.0,7.0,9.0,5.428571428571429,3.309438162601481,6.5,3.77746353653093,2.2857142857142856
2025-12-05,12.0,34.0,9.0,2421.6666666666665,13.0,False,-4.0,4,12,0,0,2418.0,2397.6666666666665,2351.6666666666665,2410.4285714285716,7.563837636880715,2391.4285714285716,22.000943486346806,13.0,5.0,6.0,6.285714285714286,4.386125310316416,6.785714285714286,4.117104498447781,1.2857142857142858
2025-12-06,8.0,29.0,11.0,2425.3333333333335,12.0,False,-1.0,5,12,0,0,2421.6666666666665,2406.3333333333335,2363.3333333333335,2413.8571428571427,6.115726938620661,2396.4285714285716,20.145381259339413,13.0,2.0,4.0,7.428571428571429,4.99523582547263,7.285714285714286,4.4276851293858135,0.14285714285714285
2025-12-07,4.0,24.0,13.0,2429.0,12.0,True,1.0,6,12,0,0,2425.3333333333335,2415.0,2375.0,2416.5714285714284,6.428277444896544,2400.8571428571427,19.097909806515,12.0,0.0,1.0,8.857142857142858,4.598136268376891,7.857142857142857,4.486855038047901,-1.0
2025-12-08,9.0,27.0,9.0,2440.0,4.0,True,5.0,0,12,0,0,2429.0,2410.0,2371.0,2418.5714285714284,7.873335860697789,2404.714285714286,18.926243326402375,12.0,9.0,13.0,10.571428571428571,2.507132682053735,8.642857142857142,4.14370965089448,-2.2857142857142856
2025-12-09,4.0,30.0,7.0,2443.0,8.0,True,-1.0,1,12,0,0,2440.0,2407.0,2375.0,2422.8571428571427,10.239460944441449,2409.6428571428573,18.449498777239462,4.0,8.0,11.0,9.857142857142858,3.5321651257971185,8.0,4.113766756108614,-0.8571428571428571
2025-12-10,10.0,54.0,5.0,2439.0,9.0,True,-4.0,2,12,0,0,2443.0,2419.0,2382.0,2428.0,9.985174174253727,2414.5,17.557110724699154,8.0,7.0,9.0,9.857142857142858,3.5321651257971185,7.785714285714286,4.02260098467478,-0.7142857142857143
2025-12-11,7.0,47.0,9.0,2437.0,10.0,True,-1.0,3,12,0,0,2439.0,2418.0,2389.0,2430.8571428571427,9.841065005029021,2418.5714285714284,15.978847441873022,9.0,13.0,7.0,10.142857142857142,3.338091841541264,7.785714285714286,4.02260098467478,-1.4285714285714286
2025-12-12,7.0,43.0,7.0,2445.3333333333335,9.0,False,-2.0,4,12,0,0,2437.0,2421.6666666666665,2397.6666666666665,2433.5714285714284,8.184706321928822,2422.0,14.195822194165125,10.0,13.0,5.0,9.714285714285714,3.0937725467679926,8.0,4.057282152146425,-0.7142857142857143
2025-12-13,8.0,39.0,6.0,2453.6666666666665,9.0,False,-3.0,5,12,0,0,2445.3333333333335,2425.3333333333335,2406.3333333333335,2436.952380952381,7.286284833641178,2425.404761904762,13.615086269188836,9.0,12.0,2.0,9.142857142857142,2.734262327556849,8.285714285714286,3.969665194802799,-0.42857142857142855
2025-12-14,8.0,35.0,4.0,2462.0,8.0,True,-4.0,6,12,0,0,2453.6666666666665,2429.0,2415.0,2441.0,7.6182042913193495,2428.785714285714,14.370915046369777,9.0,12.0,0.0,8.714285714285714,2.4299715851152586,8.785714285714286,3.5339794834714495,-0.7142857142857143
2025-12-15,11.0,42.0,9.0,2470.0,7.0,True,2.0,0,12,0,0,2462.0,2440.0,2410.0,2445.714285714286,9.033740376830611,2432.1428571428573,16.26737824218372,8.0,4.0,9.0,8.142857142857142,1.9518001458215046,9.357142857142858,2.4994504891751568,-1.4285714285714286
2025-12-16,8.0,54.0,15.0,2468.0,9.0,True,6.0,1,12,0,0,2470.0,2443.0,2407.0,2450.0,12.37081390308663,2436.4285714285716,17.8150174746307,7.0,8.0,8.0,8.571428571428571,0.9759000727976475,9.214285714285714,2.577374079066243,-1.8571428571428572
2025-12-17,7.0,31.0,11.0,2481.0,10.0,True,1.0,2,12,0,0,2468.0,2439.0,2419.0,2453.5714285714284,13.564269887369223,2440.785714285714,17.52097993067617,9.0,9.0,7.0,8.714285714285714,0.9511897310566175,9.285714285714286,2.5548918818724657,-0.8571428571428571
2025-12-18,11.0,50.0,6.0,2472.0,16.0,True,-10.0,3,12,0,0,2481.0,2437.0,2418.0,2459.5714285714284,15.231198822736905,2445.214285714286,19.33271756634989,10.0,10.0,13.0,8.857142857142858,1.0690449675121025,9.5,2.472930370222655,-0.14285714285714285
2025-12-19,9.0,39.333333333333336,8.0,2476.0,15.0,False,-7.0,4,12,0,0,2472.0,2445.3333333333335,2421.6666666666665,2464.5714285714284,11.985661610637207,2449.0714285714284,18.86668414687486,16.0,9.0,13.0,9.714285714285714,2.927700218795515,9.714285714285714,2.8937218895759416,-1.4285714285714286
2025-12-20,8.0,28.666666666666668,9.0,2480.0,15.0,False,-6.0,5,12,0,0,2476.0,2453.6666666666665,2425.3333333333335,2468.9523809523807,9.019379465244995,2452.9523809523807,18.377735115818783,15.0,9.0,12.0,10.571428571428571,3.505098327496954,9.857142857142858,3.1097153681509204,-2.142857142857143
2025-12-21,6.0,18.0,11.0,2484.0,14.0,True,-3.0,6,12,0,0,2480.0,2462.0,2429.0,2472.714285714286,6.799859912321232,2456.8571428571427,17.85828080090938,15.0,8.0,12.0,11.428571428571429,3.7796447300537213,10.071428571428571,3.3618741503485503,-2.5714285714285716
